H3,absH3,absH1pdm,absH5,H1N1pdm,H5,H5c221,H1ant,H3ant,RBS
,1.0,1.0,1.0,,,,,,0
,2.0,2.0,2.0,,,,,,0
,3.0,3.0,3.0,,,,,,0
,4.0,4.0,4.0,,,,,,0
,5.0,5.0,5.0,,,,,,0
,6.0,6.0,6.0,,,,,,0
,7.0,7.0,7.0,,,,,,0
,8.0,8.0,8.0,,,,,,0
,9.0,9.0,9.0,,,,,,0
,10.0,10.0,10.0,,,,,,0
,11.0,11.0,11.0,,,,,,0
,12.0,12.0,12.0,,,,,,0
,13.0,13.0,13.0,,,,,,0
,14.0,14.0,14.0,,,,,,0
,15.0,15.0,15.0,,,,,,0
,16.0,16.0,16.0,,,,,,0
,,17.0,,,,,,,0
1.0,17.0,,,,,,,,0
2.0,18.0,,,,,,,,0
3.0,19.0,,,,,,,,0
4.0,20.0,,,,,,,,0
5.0,21.0,,,,,,,,0
6.0,22.0,,,,,,,,0
7.0,23.0,,,,,,,,0
8.0,24.0,,,,,,,,0
9.0,25.0,,,,,,,,0
10.0,26.0,,,,,,,,0
11.0,27.0,18.0,17.0,1.0,1.0,1.0,,,0
12.0,28.0,19.0,18.0,2.0,2.0,2.0,,,0
13.0,29.0,20.0,19.0,3.0,3.0,3.0,,,0
14.0,30.0,21.0,20.0,4.0,4.0,4.0,,,0
15.0,31.0,22.0,21.0,5.0,5.0,5.0,,,0
16.0,32.0,23.0,22.0,6.0,6.0,6.0,,,0
17.0,33.0,24.0,23.0,7.0,7.0,7.0,,,0
18.0,34.0,25.0,24.0,8.0,8.0,8.0,,,0
19.0,35.0,26.0,25.0,9.0,9.0,9.0,,,0
20.0,36.0,27.0,26.0,10.0,10.0,10.0,,,0
21.0,37.0,28.0,27.0,11.0,11.0,11.0,,,0
22.0,38.0,29.0,28.0,12.0,12.0,12.0,,,0
23.0,39.0,30.0,29.0,13.0,13.0,13.0,,,0
24.0,40.0,31.0,30.0,14.0,14.0,14.0,,,0
25.0,41.0,32.0,31.0,15.0,15.0,15.0,,,0
26.0,42.0,33.0,32.0,16.0,16.0,16.0,,,0
27.0,43.0,34.0,33.0,17.0,17.0,17.0,,,0
28.0,44.0,35.0,34.0,18.0,18.0,18.0,,,0
29.0,45.0,36.0,35.0,19.0,19.0,19.0,,,0
30.0,46.0,37.0,36.0,20.0,20.0,20.0,,,0
31.0,47.0,38.0,37.0,21.0,21.0,21.0,,,0
32.0,48.0,39.0,38.0,22.0,22.0,22.0,,,0
33.0,49.0,40.0,39.0,23.0,23.0,23.0,,,0
34.0,50.0,41.0,40.0,24.0,24.0,24.0,,,0
35.0,51.0,42.0,41.0,25.0,25.0,25.0,,,0
36.0,52.0,43.0,42.0,26.0,26.0,26.0,,,0
37.0,53.0,44.0,43.0,27.0,27.0,27.0,,,0
38.0,54.0,45.0,44.0,28.0,28.0,28.0,,,0
39.0,55.0,46.0,45.0,29.0,29.0,29.0,,,0
40.0,56.0,47.0,46.0,30.0,30.0,30.0,,,0
41.0,57.0,48.0,47.0,31.0,31.0,31.0,,,0
42.0,58.0,49.0,48.0,32.0,32.0,32.0,,,0
43.0,59.0,50.0,49.0,33.0,33.0,33.0,,,0
44.0,60.0,51.0,50.0,34.0,34.0,34.0,,C,0
45.0,61.0,52.0,51.0,35.0,35.0,35.0,,C,0
46.0,62.0,53.0,52.0,36.0,36.0,36.0,,C,0
47.0,63.0,54.0,53.0,37.0,37.0,37.0,,C,0
48.0,64.0,55.0,54.0,38.0,38.0,38.0,,C,0
49.0,65.0,56.0,55.0,39.0,39.0,39.0,,,0
50.0,66.0,57.0,56.0,40.0,40.0,40.0,,C,0
51.0,67.0,58.0,57.0,41.0,41.0,41.0,,C,0
52.0,68.0,59.0,58.0,42.0,42.0,42.0,,,0
53.0,69.0,60.0,59.0,43.0,43.0,43.0,,C,0
54.0,70.0,61.0,60.0,44.0,44.0,44.0,,C,0
,,62.0,61.0,45.0,45.0,45.0,,,0
55.0,71.0,63.0,62.0,46.0,46.0,46.0,,,0
56.0,72.0,64.0,63.0,47.0,47.0,47.0,,,0
57.0,73.0,65.0,64.0,48.0,48.0,48.0,,E,0
58.0,74.0,66.0,65.0,49.0,49.0,49.0,,,0
59.0,75.0,67.0,66.0,50.0,50.0,50.0,,E,0
60.0,76.0,68.0,67.0,51.0,51.0,51.0,,,0
61.0,77.0,69.0,68.0,52.0,52.0,52.0,,,0
62.0,78.0,70.0,69.0,53.0,53.0,53.0,,E,0
63.0,79.0,71.0,70.0,54.0,54.0,54.0,,E,0
64.0,80.0,72.0,71.0,55.0,55.0,55.0,,,0
65.0,81.0,73.0,72.0,56.0,56.0,56.0,,,0
66.0,82.0,74.0,73.0,57.0,57.0,57.0,,,0
67.0,83.0,75.0,74.0,58.0,58.0,58.0,,E,0
68.0,84.0,76.0,75.0,59.0,59.0,59.0,,,0
69.0,85.0,77.0,76.0,60.0,60.0,60.0,,,0
70.0,86.0,78.0,77.0,61.0,61.0,61.0,,,0
71.0,87.0,79.0,78.0,62.0,62.0,62.0,,,0
72.0,88.0,80.0,79.0,63.0,63.0,63.0,,,0
73.0,89.0,81.0,80.0,64.0,64.0,64.0,,,0
74.0,90.0,82.0,81.0,65.0,65.0,65.0,,,0
75.0,91.0,83.0,82.0,66.0,66.0,66.0,,E,0
76.0,92.0,84.0,83.0,67.0,67.0,67.0,,,0
77.0,93.0,85.0,84.0,68.0,68.0,68.0,,,0
78.0,94.0,86.0,85.0,69.0,69.0,69.0,,E,0
79.0,95.0,87.0,86.0,70.0,70.0,70.0,Cb,,0
80.0,96.0,88.0,87.0,71.0,71.0,71.0,Cb,E,0
81.0,97.0,89.0,88.0,72.0,72.0,72.0,Cb,E,0
82.0,98.0,90.0,89.0,73.0,73.0,73.0,Cb,E,0
,,91.0,90.0,74.0,74.0,74.0,Cb,,0
83.0,99.0,92.0,91.0,75.0,75.0,75.0,Cb,E,0
84.0,100.0,93.0,92.0,76.0,76.0,76.0,,,0
85.0,101.0,94.0,93.0,77.0,77.0,77.0,,,0
86.0,102.0,95.0,94.0,78.0,78.0,78.0,,E,0
87.0,103.0,96.0,95.0,79.0,79.0,79.0,,E,0
88.0,104.0,97.0,96.0,80.0,80.0,80.0,,E,0
89.0,105.0,98.0,97.0,81.0,81.0,81.0,,,0
90.0,106.0,99.0,98.0,82.0,82.0,82.0,,,0
91.0,107.0,100.0,99.0,83.0,83.0,83.0,,E,0
92.0,108.0,101.0,100.0,84.0,84.0,84.0,,E,0
,,102.0,101.0,85.0,85.0,85.0,,,0
93.0,109.0,103.0,102.0,86.0,86.0,86.0,,,0
94.0,110.0,104.0,103.0,87.0,87.0,87.0,,E,0
95.0,111.0,105.0,104.0,88.0,88.0,88.0,,,0
96.0,112.0,106.0,105.0,89.0,89.0,89.0,,D,0
97.0,113.0,107.0,106.0,90.0,90.0,90.0,,,0
98.0,114.0,108.0,107.0,91.0,91.0,91.0,,,1
99.0,115.0,109.0,108.0,92.0,92.0,92.0,,,0
100.0,116.0,110.0,109.0,93.0,93.0,93.0,,,0
101.0,117.0,111.0,110.0,94.0,94.0,94.0,,,0
102.0,118.0,112.0,111.0,95.0,95.0,95.0,,D,0
103.0,119.0,113.0,112.0,96.0,96.0,96.0,,D,0
104.0,120.0,114.0,113.0,97.0,97.0,97.0,,,0
105.0,121.0,115.0,114.0,98.0,98.0,98.0,,,0
106.0,122.0,116.0,115.0,99.0,99.0,99.0,,,0
107.0,123.0,117.0,116.0,100.0,100.0,100.0,,,0
108.0,124.0,118.0,117.0,101.0,101.0,101.0,,,0
109.0,125.0,119.0,118.0,102.0,102.0,102.0,,E,0
110.0,126.0,120.0,119.0,103.0,103.0,103.0,,,0
111.0,127.0,121.0,120.0,104.0,104.0,104.0,,,0
112.0,128.0,122.0,121.0,105.0,105.0,105.0,,,0
113.0,129.0,123.0,122.0,106.0,106.0,106.0,,,0
114.0,130.0,124.0,123.0,107.0,107.0,107.0,,,0
115.0,131.0,125.0,124.0,108.0,108.0,108.0,,,0
116.0,132.0,126.0,125.0,109.0,109.0,109.0,,,0
117.0,133.0,127.0,126.0,110.0,110.0,110.0,,D,0
118.0,134.0,128.0,127.0,111.0,111.0,111.0,,,0
119.0,135.0,129.0,128.0,112.0,112.0,112.0,,,0
120.0,136.0,130.0,129.0,113.0,113.0,113.0,,,0
121.0,137.0,131.0,130.0,114.0,114.0,114.0,,D,0
122.0,138.0,132.0,131.0,115.0,115.0,115.0,,A,0
123.0,139.0,133.0,132.0,116.0,116.0,116.0,,,0
124.0,140.0,134.0,133.0,117.0,117.0,117.0,,A,0
125.0,141.0,135.0,134.0,118.0,118.0,118.0,,,0
,,136.0,135.0,119.0,119.0,119.0,,,0
,,137.0,136.0,120.0,120.0,120.0,,,0
,,138.0,,121.0,,,,,0
126.0,142.0,139.0,137.0,122.0,121.0,121.0,,A,0
127.0,143.0,140.0,138.0,123.0,122.0,122.0,,,0
128.0,144.0,141.0,139.0,124.0,123.0,123.0,Sa,B,0
129.0,145.0,142.0,140.0,125.0,124.0,124.0,Sa,B,0
130.0,146.0,143.0,141.0,126.0,125.0,125.0,,A,0
131.0,147.0,144.0,142.0,127.0,126.0,126.0,,A,1
132.0,148.0,145.0,143.0,128.0,127.0,127.0,,A,1
133.0,149.0,146.0,144.0,129.0,128.0,128.0,,A,1
,,147.0,145.0,130.0,129.0,,,,0
134.0,150.0,148.0,146.0,131.0,130.0,129.0,,,1
135.0,151.0,149.0,147.0,132.0,131.0,130.0,,A,1
136.0,152.0,150.0,148.0,133.0,132.0,131.0,,,1
137.0,153.0,151.0,149.0,134.0,133.0,132.0,,A,1
138.0,154.0,152.0,150.0,135.0,134.0,133.0,,A,1
139.0,155.0,153.0,151.0,136.0,135.0,134.0,,,1
140.0,156.0,154.0,152.0,137.0,136.0,135.0,Ca,A,1
141.0,157.0,155.0,153.0,138.0,137.0,136.0,Ca,,0
142.0,158.0,156.0,154.0,139.0,138.0,137.0,Ca,A,0
143.0,159.0,157.0,155.0,140.0,139.0,138.0,Ca,A,0
144.0,160.0,158.0,156.0,141.0,140.0,139.0,Ca,A,1
145.0,161.0,159.0,157.0,142.0,141.0,140.0,Ca,A,1
146.0,162.0,160.0,158.0,143.0,142.0,141.0,,A,1
147.0,163.0,161.0,159.0,144.0,143.0,142.0,,,0
148.0,164.0,162.0,160.0,145.0,144.0,143.0,,,0
149.0,165.0,163.0,161.0,146.0,145.0,144.0,,,0
150.0,166.0,164.0,162.0,147.0,146.0,145.0,,A,0
151.0,167.0,165.0,163.0,148.0,147.0,146.0,,,0
152.0,168.0,166.0,164.0,149.0,148.0,147.0,,A,0
153.0,169.0,167.0,165.0,150.0,149.0,148.0,,,1
154.0,170.0,168.0,166.0,151.0,150.0,149.0,,,1
155.0,171.0,169.0,167.0,152.0,151.0,150.0,,B,1
156.0,172.0,170.0,168.0,153.0,152.0,151.0,Sa,B,1
157.0,173.0,171.0,169.0,154.0,153.0,152.0,Sa,B,1
158.0,174.0,172.0,170.0,155.0,154.0,153.0,Sa,B,1
159.0,175.0,173.0,171.0,156.0,155.0,154.0,Sa,B,1
160.0,176.0,174.0,172.0,157.0,156.0,155.0,Sa,,0
161.0,177.0,175.0,173.0,158.0,157.0,156.0,,,0
162.0,178.0,176.0,174.0,159.0,158.0,157.0,Sa,,0
163.0,179.0,177.0,175.0,160.0,159.0,158.0,Sa,B,0
164.0,180.0,178.0,176.0,161.0,160.0,159.0,Sa,,0
165.0,181.0,179.0,177.0,162.0,161.0,160.0,Sa,B,0
166.0,182.0,180.0,178.0,163.0,162.0,161.0,Sa,,0
167.0,183.0,181.0,179.0,164.0,163.0,162.0,Sa,D,0
168.0,184.0,182.0,180.0,165.0,164.0,163.0,,A,0
169.0,185.0,183.0,181.0,166.0,165.0,164.0,Ca,,0
170.0,186.0,184.0,182.0,167.0,166.0,165.0,Ca,D,0
171.0,187.0,185.0,183.0,168.0,167.0,166.0,Ca,D,0
172.0,188.0,186.0,184.0,169.0,168.0,167.0,Ca,D,0
173.0,189.0,187.0,185.0,170.0,169.0,168.0,Ca,D,0
174.0,190.0,188.0,186.0,171.0,170.0,169.0,,D,0
175.0,191.0,189.0,187.0,172.0,171.0,170.0,,D,0
176.0,192.0,190.0,188.0,173.0,172.0,171.0,,D,0
177.0,193.0,191.0,189.0,174.0,173.0,172.0,,D,0
178.0,194.0,192.0,190.0,175.0,174.0,173.0,,,0
179.0,195.0,193.0,191.0,176.0,175.0,174.0,,D,0
180.0,196.0,194.0,192.0,177.0,176.0,175.0,,,0
181.0,197.0,195.0,193.0,178.0,177.0,176.0,,,0
182.0,198.0,196.0,194.0,179.0,178.0,177.0,,D,0
183.0,199.0,197.0,195.0,180.0,179.0,178.0,,,1
184.0,200.0,198.0,196.0,181.0,180.0,179.0,,,1
185.0,201.0,199.0,197.0,182.0,181.0,180.0,,,1
186.0,202.0,200.0,198.0,183.0,182.0,181.0,,B,1
187.0,203.0,201.0,199.0,184.0,183.0,182.0,Sb,B,1
188.0,204.0,202.0,200.0,185.0,184.0,183.0,Sb,B,1
189.0,205.0,203.0,201.0,186.0,185.0,184.0,Sb,B,1
190.0,206.0,204.0,202.0,187.0,186.0,185.0,Sb,B,1
191.0,207.0,205.0,203.0,188.0,187.0,186.0,Sb,,1
192.0,208.0,206.0,204.0,189.0,188.0,187.0,Sb,B,1
193.0,209.0,207.0,205.0,190.0,189.0,188.0,Sb,B,1
194.0,210.0,208.0,206.0,191.0,190.0,189.0,Sb,B,1
195.0,211.0,209.0,207.0,192.0,191.0,190.0,Sb,,1
196.0,212.0,210.0,208.0,193.0,192.0,191.0,Sb,B,1
197.0,213.0,211.0,209.0,194.0,193.0,192.0,Sb,B,0
198.0,214.0,212.0,210.0,195.0,194.0,193.0,Sb,B,0
199.0,215.0,213.0,211.0,196.0,195.0,194.0,,,0
200.0,216.0,214.0,212.0,197.0,196.0,195.0,,,0
201.0,217.0,215.0,213.0,198.0,197.0,196.0,,D,0
202.0,218.0,216.0,214.0,199.0,198.0,197.0,,,0
203.0,219.0,217.0,215.0,200.0,199.0,198.0,,D,0
204.0,220.0,218.0,216.0,201.0,200.0,199.0,,,0
205.0,221.0,219.0,217.0,202.0,201.0,200.0,,,0
206.0,222.0,220.0,218.0,203.0,202.0,201.0,Ca,,0
207.0,223.0,221.0,219.0,204.0,203.0,202.0,Ca,D,0
208.0,224.0,222.0,220.0,205.0,204.0,203.0,Ca,D,0
209.0,225.0,223.0,221.0,206.0,205.0,204.0,,D,0
210.0,226.0,224.0,222.0,207.0,206.0,205.0,,,0
211.0,227.0,225.0,223.0,208.0,207.0,206.0,,,0
212.0,228.0,226.0,224.0,209.0,208.0,207.0,,D,0
213.0,229.0,227.0,225.0,210.0,209.0,208.0,,D,0
214.0,230.0,228.0,226.0,211.0,210.0,209.0,,D,0
215.0,231.0,229.0,227.0,212.0,211.0,210.0,,D,0
216.0,232.0,230.0,228.0,213.0,212.0,211.0,,D,0
217.0,233.0,231.0,229.0,214.0,213.0,212.0,,D,0
218.0,234.0,232.0,230.0,215.0,214.0,213.0,,D,0
219.0,235.0,233.0,231.0,216.0,215.0,214.0,,D,1
220.0,236.0,234.0,232.0,217.0,216.0,215.0,,,1
221.0,237.0,235.0,233.0,218.0,217.0,216.0,,,1
222.0,238.0,236.0,234.0,219.0,218.0,217.0,,,1
223.0,239.0,237.0,235.0,220.0,219.0,218.0,,,1
224.0,240.0,238.0,236.0,221.0,220.0,219.0,Ca,,1
225.0,241.0,239.0,237.0,222.0,221.0,220.0,Ca,,1
226.0,242.0,240.0,238.0,223.0,222.0,221.0,,D,1
227.0,243.0,241.0,239.0,224.0,223.0,222.0,,D,1
228.0,244.0,242.0,240.0,225.0,224.0,223.0,,D,1
229.0,245.0,243.0,241.0,226.0,225.0,224.0,,D,0
230.0,246.0,244.0,242.0,227.0,226.0,225.0,,D,0
231.0,247.0,245.0,243.0,228.0,227.0,226.0,,,0
232.0,248.0,246.0,244.0,229.0,228.0,227.0,,,0
233.0,249.0,247.0,245.0,230.0,229.0,228.0,,,0
234.0,250.0,248.0,246.0,231.0,230.0,229.0,,,0
235.0,251.0,249.0,247.0,232.0,231.0,230.0,,,0
236.0,252.0,250.0,248.0,233.0,232.0,231.0,,,0
237.0,253.0,251.0,249.0,234.0,233.0,232.0,,,0
238.0,254.0,252.0,250.0,235.0,234.0,233.0,Ca,D,0
239.0,255.0,253.0,251.0,236.0,235.0,234.0,Ca,,0
240.0,256.0,254.0,252.0,237.0,236.0,235.0,Ca,D,0
241.0,257.0,255.0,253.0,238.0,237.0,236.0,,,0
242.0,258.0,256.0,254.0,239.0,238.0,237.0,,D,0
243.0,259.0,257.0,255.0,240.0,239.0,238.0,,,0
244.0,260.0,258.0,256.0,241.0,240.0,239.0,,D,0
245.0,261.0,259.0,257.0,242.0,241.0,240.0,,,0
246.0,262.0,260.0,258.0,243.0,242.0,241.0,,D,0
247.0,263.0,261.0,259.0,244.0,243.0,242.0,,D,0
248.0,264.0,262.0,260.0,245.0,244.0,243.0,,D,0
249.0,265.0,263.0,261.0,246.0,245.0,244.0,,,0
250.0,266.0,264.0,262.0,247.0,246.0,245.0,,,0
251.0,267.0,265.0,263.0,248.0,247.0,246.0,,,0
252.0,268.0,266.0,264.0,249.0,248.0,247.0,,,0
253.0,269.0,267.0,265.0,250.0,249.0,248.0,,,0
254.0,270.0,268.0,266.0,251.0,250.0,249.0,,,0
255.0,271.0,269.0,267.0,252.0,251.0,250.0,,,0
256.0,272.0,270.0,268.0,253.0,252.0,251.0,,,0
257.0,273.0,271.0,269.0,254.0,253.0,252.0,,,0
258.0,274.0,272.0,270.0,255.0,254.0,253.0,,,0
259.0,275.0,273.0,271.0,256.0,255.0,254.0,,,0
260.0,276.0,274.0,272.0,257.0,256.0,255.0,,E,0
261.0,277.0,275.0,273.0,258.0,257.0,256.0,,E,0
262.0,278.0,276.0,274.0,259.0,258.0,257.0,,E,0
,,277.0,275.0,260.0,259.0,258.0,,,0
263.0,279.0,278.0,276.0,261.0,260.0,259.0,,,0
264.0,280.0,279.0,277.0,262.0,261.0,260.0,,,0
265.0,281.0,280.0,278.0,263.0,262.0,261.0,,E,0
266.0,282.0,281.0,279.0,264.0,263.0,262.0,,,0
267.0,283.0,282.0,280.0,265.0,264.0,263.0,,,0
268.0,284.0,283.0,281.0,266.0,265.0,264.0,,,0
269.0,285.0,284.0,282.0,267.0,266.0,265.0,,,0
270.0,286.0,285.0,283.0,268.0,267.0,266.0,,,0
271.0,287.0,286.0,284.0,269.0,268.0,267.0,,,0
272.0,288.0,287.0,285.0,270.0,269.0,268.0,,,0
273.0,289.0,288.0,286.0,271.0,270.0,269.0,,C,0
274.0,290.0,289.0,287.0,272.0,271.0,270.0,,,0
275.0,291.0,290.0,288.0,273.0,272.0,271.0,,C,0
276.0,292.0,291.0,289.0,274.0,273.0,272.0,,C,0
277.0,293.0,292.0,290.0,275.0,274.0,273.0,,,0
278.0,294.0,293.0,291.0,276.0,275.0,274.0,,C,0
279.0,295.0,294.0,292.0,277.0,276.0,275.0,,C,0
280.0,296.0,295.0,293.0,278.0,277.0,276.0,,C,0
281.0,297.0,296.0,294.0,279.0,278.0,277.0,,,0
282.0,298.0,297.0,295.0,280.0,279.0,278.0,,,0
283.0,299.0,298.0,296.0,281.0,280.0,279.0,,,0
284.0,300.0,299.0,297.0,282.0,281.0,280.0,,,0
285.0,301.0,300.0,298.0,283.0,282.0,281.0,,,0
286.0,302.0,301.0,299.0,284.0,283.0,282.0,,,0
287.0,303.0,302.0,300.0,285.0,284.0,283.0,,,0
288.0,304.0,303.0,301.0,286.0,285.0,284.0,,,0
289.0,305.0,304.0,302.0,287.0,286.0,285.0,,,0
290.0,306.0,305.0,303.0,288.0,287.0,286.0,,,0
291.0,307.0,306.0,304.0,289.0,288.0,287.0,,,0
292.0,308.0,307.0,305.0,290.0,289.0,288.0,,,0
293.0,309.0,308.0,306.0,291.0,290.0,289.0,,,0
294.0,310.0,309.0,307.0,292.0,291.0,290.0,,C,0
295.0,311.0,310.0,308.0,293.0,292.0,291.0,,,0
296.0,312.0,311.0,309.0,294.0,293.0,292.0,,,0
297.0,313.0,312.0,310.0,295.0,294.0,293.0,,C,0
298.0,314.0,313.0,311.0,296.0,295.0,294.0,,,0
299.0,315.0,314.0,312.0,297.0,296.0,295.0,,C,0
300.0,316.0,315.0,313.0,298.0,297.0,296.0,,C,0
301.0,317.0,316.0,314.0,299.0,298.0,297.0,,,0
302.0,318.0,317.0,315.0,300.0,299.0,298.0,,,0
303.0,319.0,318.0,316.0,301.0,300.0,299.0,,,0
304.0,320.0,319.0,317.0,302.0,301.0,300.0,,C,0
305.0,321.0,320.0,318.0,303.0,302.0,301.0,,C,0
306.0,322.0,321.0,319.0,304.0,303.0,302.0,,,0
307.0,323.0,322.0,320.0,305.0,304.0,303.0,,C,0
308.0,324.0,323.0,321.0,306.0,305.0,304.0,,C,0
309.0,325.0,324.0,322.0,307.0,306.0,305.0,,C,0
310.0,326.0,325.0,323.0,308.0,307.0,306.0,,C,0
311.0,327.0,326.0,324.0,309.0,308.0,307.0,,C,0
312.0,328.0,327.0,325.0,310.0,309.0,308.0,,C,0
313.0,329.0,328.0,326.0,311.0,310.0,309.0,,,0
314.0,330.0,329.0,327.0,312.0,311.0,310.0,,,0
315.0,331.0,330.0,328.0,313.0,312.0,311.0,,,0
316.0,332.0,331.0,329.0,314.0,313.0,312.0,,,0
317.0,333.0,332.0,330.0,315.0,314.0,313.0,,,0
318.0,334.0,333.0,331.0,316.0,315.0,314.0,,,0
319.0,335.0,334.0,332.0,317.0,316.0,315.0,,,0
320.0,336.0,335.0,333.0,318.0,317.0,316.0,,,0
321.0,337.0,336.0,334.0,319.0,318.0,317.0,,,0
322.0,338.0,337.0,335.0,320.0,319.0,318.0,,,0
323.0,339.0,338.0,336.0,321.0,320.0,319.0,,,0
324.0,340.0,339.0,337.0,322.0,321.0,320.0,,,0
325.0,341.0,340.0,338.0,323.0,322.0,321.0,,,0
326.0,342.0,341.0,339.0,324.0,323.0,322.0,,,0
327.0,343.0,342.0,340.0,325.0,324.0,323.0,,,0
328.0,344.0,343.0,341.0,326.0,325.0,324.0,,,0
,,,342.0,,326.0,325.0,,,0
,,,343.0,,327.0,326.0,,,0
,,,344.0,,328.0,327.0,,,0
,,,345.0,,329.0,328.0,,,0
329.0,345.0,344.0,346.0,327.0,330.0,329.0,,,0
330.0,346.0,345.0,347.0,328.0,331.0,330.0,,,0
331.0,347.0,346.0,348.0,329.0,332.0,331.0,,,0
332.0,348.0,347.0,349.0,330.0,333.0,332.0,,,0
333.0,349.0,348.0,350.0,331.0,334.0,333.0,,,0
334.0,350.0,349.0,351.0,332.0,335.0,334.0,,,0
335.0,351.0,350.0,352.0,333.0,336.0,335.0,,,0
336.0,352.0,351.0,353.0,334.0,337.0,336.0,,,0
337.0,353.0,352.0,354.0,335.0,338.0,337.0,,,0
338.0,354.0,353.0,355.0,336.0,339.0,338.0,,,0
339.0,355.0,354.0,356.0,337.0,340.0,339.0,,,0
340.0,356.0,355.0,357.0,338.0,341.0,340.0,,,0
341.0,357.0,356.0,358.0,339.0,342.0,341.0,,,0
342.0,358.0,357.0,359.0,340.0,343.0,342.0,,,0
343.0,359.0,358.0,360.0,341.0,344.0,343.0,,,0
344.0,360.0,359.0,361.0,342.0,345.0,344.0,,,0
345.0,361.0,360.0,362.0,343.0,346.0,345.0,,,0
346.0,362.0,361.0,363.0,344.0,347.0,346.0,,,0
347.0,363.0,362.0,364.0,345.0,348.0,347.0,,,0
348.0,364.0,363.0,365.0,346.0,349.0,348.0,,,0
349.0,365.0,364.0,366.0,347.0,350.0,349.0,,,0
350.0,366.0,365.0,367.0,348.0,351.0,350.0,,,0
351.0,367.0,366.0,368.0,349.0,352.0,351.0,,,0
352.0,368.0,367.0,369.0,350.0,353.0,352.0,,,0
353.0,369.0,368.0,370.0,351.0,354.0,353.0,,,0
354.0,370.0,369.0,371.0,352.0,355.0,354.0,,,0
355.0,371.0,370.0,372.0,353.0,356.0,355.0,,,0
356.0,372.0,371.0,373.0,354.0,357.0,356.0,,,0
357.0,373.0,372.0,374.0,355.0,358.0,357.0,,,0
358.0,374.0,373.0,375.0,356.0,359.0,358.0,,,0
359.0,375.0,374.0,376.0,357.0,360.0,359.0,,,0
360.0,376.0,375.0,377.0,358.0,361.0,360.0,,,0
361.0,377.0,376.0,378.0,359.0,362.0,361.0,,,0
362.0,378.0,377.0,379.0,360.0,363.0,362.0,,,0
363.0,379.0,378.0,380.0,361.0,364.0,363.0,,,0
364.0,380.0,379.0,381.0,362.0,365.0,364.0,,,0
365.0,381.0,380.0,382.0,363.0,366.0,365.0,,,0
366.0,382.0,381.0,383.0,364.0,367.0,366.0,,,0
367.0,383.0,382.0,384.0,365.0,368.0,367.0,,,0
368.0,384.0,383.0,385.0,366.0,369.0,368.0,,,0
369.0,385.0,384.0,386.0,367.0,370.0,369.0,,,0
370.0,386.0,385.0,387.0,368.0,371.0,370.0,,,0
371.0,387.0,386.0,388.0,369.0,372.0,371.0,,,0
372.0,388.0,387.0,389.0,370.0,373.0,372.0,,,0
373.0,389.0,388.0,390.0,371.0,374.0,373.0,,,0
374.0,390.0,389.0,391.0,372.0,375.0,374.0,,,0
375.0,391.0,390.0,392.0,373.0,376.0,375.0,,,0
376.0,392.0,391.0,393.0,374.0,377.0,376.0,,,0
377.0,393.0,392.0,394.0,375.0,378.0,377.0,,,0
378.0,394.0,393.0,395.0,376.0,379.0,378.0,,,0
379.0,395.0,394.0,396.0,377.0,380.0,379.0,,,0
380.0,396.0,395.0,397.0,378.0,381.0,380.0,,,0
381.0,397.0,396.0,398.0,379.0,382.0,381.0,,,0
382.0,398.0,397.0,399.0,380.0,383.0,382.0,,,0
383.0,399.0,398.0,400.0,381.0,384.0,383.0,,,0
384.0,400.0,399.0,401.0,382.0,385.0,384.0,,,0
385.0,401.0,400.0,402.0,383.0,386.0,385.0,,,0
386.0,402.0,401.0,403.0,384.0,387.0,386.0,,,0
387.0,403.0,402.0,404.0,385.0,388.0,387.0,,,0
388.0,404.0,403.0,405.0,386.0,389.0,388.0,,,0
389.0,405.0,404.0,406.0,387.0,390.0,389.0,,,0
390.0,406.0,405.0,407.0,388.0,391.0,390.0,,,0
391.0,407.0,406.0,408.0,389.0,392.0,391.0,,,0
392.0,408.0,407.0,409.0,390.0,393.0,392.0,,,0
393.0,409.0,408.0,410.0,391.0,394.0,393.0,,,0
394.0,410.0,409.0,411.0,392.0,395.0,394.0,,,0
395.0,411.0,410.0,412.0,393.0,396.0,395.0,,,0
396.0,412.0,411.0,413.0,394.0,397.0,396.0,,,0
397.0,413.0,412.0,414.0,395.0,398.0,397.0,,,0
398.0,414.0,413.0,415.0,396.0,399.0,398.0,,,0
399.0,415.0,414.0,416.0,397.0,400.0,399.0,,,0
400.0,416.0,415.0,417.0,398.0,401.0,400.0,,,0
401.0,417.0,416.0,418.0,399.0,402.0,401.0,,,0
402.0,418.0,417.0,419.0,400.0,403.0,402.0,,,0
403.0,419.0,418.0,420.0,401.0,404.0,403.0,,,0
404.0,420.0,419.0,421.0,402.0,405.0,404.0,,,0
405.0,421.0,420.0,422.0,403.0,406.0,405.0,,,0
406.0,422.0,421.0,423.0,404.0,407.0,406.0,,,0
407.0,423.0,422.0,424.0,405.0,408.0,407.0,,,0
408.0,424.0,423.0,425.0,406.0,409.0,408.0,,,0
409.0,425.0,424.0,426.0,407.0,410.0,409.0,,,0
410.0,426.0,425.0,427.0,408.0,411.0,410.0,,,0
411.0,427.0,426.0,428.0,409.0,412.0,411.0,,,0
412.0,428.0,427.0,429.0,410.0,413.0,412.0,,,0
413.0,429.0,428.0,430.0,411.0,414.0,413.0,,,0
414.0,430.0,429.0,431.0,412.0,415.0,414.0,,,0
415.0,431.0,430.0,432.0,413.0,416.0,415.0,,,0
416.0,432.0,431.0,433.0,414.0,417.0,416.0,,,0
417.0,433.0,432.0,434.0,415.0,418.0,417.0,,,0
418.0,434.0,433.0,435.0,416.0,419.0,418.0,,,0
419.0,435.0,434.0,436.0,417.0,420.0,419.0,,,0
420.0,436.0,435.0,437.0,418.0,421.0,420.0,,,0
421.0,437.0,436.0,438.0,419.0,422.0,421.0,,,0
422.0,438.0,437.0,439.0,420.0,423.0,422.0,,,0
423.0,439.0,438.0,440.0,421.0,424.0,423.0,,,0
424.0,440.0,439.0,441.0,422.0,425.0,424.0,,,0
425.0,441.0,440.0,442.0,423.0,426.0,425.0,,,0
426.0,442.0,441.0,443.0,424.0,427.0,426.0,,,0
427.0,443.0,442.0,444.0,425.0,428.0,427.0,,,0
428.0,444.0,443.0,445.0,426.0,429.0,428.0,,,0
429.0,445.0,444.0,446.0,427.0,430.0,429.0,,,0
430.0,446.0,445.0,447.0,428.0,431.0,430.0,,,0
431.0,447.0,446.0,448.0,429.0,432.0,431.0,,,0
432.0,448.0,447.0,449.0,430.0,433.0,432.0,,,0
433.0,449.0,448.0,450.0,431.0,434.0,433.0,,,0
434.0,450.0,449.0,451.0,432.0,435.0,434.0,,,0
435.0,451.0,450.0,452.0,433.0,436.0,435.0,,,0
436.0,452.0,451.0,453.0,434.0,437.0,436.0,,,0
437.0,453.0,452.0,454.0,435.0,438.0,437.0,,,0
438.0,454.0,453.0,455.0,436.0,439.0,438.0,,,0
439.0,455.0,454.0,456.0,437.0,440.0,439.0,,,0
440.0,456.0,455.0,457.0,438.0,441.0,440.0,,,0
441.0,457.0,456.0,458.0,439.0,442.0,441.0,,,0
442.0,458.0,457.0,459.0,440.0,443.0,442.0,,,0
443.0,459.0,458.0,460.0,441.0,444.0,443.0,,,0
444.0,460.0,459.0,461.0,442.0,445.0,444.0,,,0
445.0,461.0,460.0,462.0,443.0,446.0,445.0,,,0
446.0,462.0,461.0,463.0,444.0,447.0,446.0,,,0
447.0,463.0,462.0,464.0,445.0,448.0,447.0,,,0
448.0,464.0,463.0,465.0,446.0,449.0,448.0,,,0
449.0,465.0,464.0,466.0,447.0,450.0,449.0,,,0
450.0,466.0,465.0,467.0,448.0,451.0,450.0,,,0
451.0,467.0,466.0,468.0,449.0,452.0,451.0,,,0
452.0,468.0,467.0,469.0,450.0,453.0,452.0,,,0
453.0,469.0,468.0,470.0,451.0,454.0,453.0,,,0
454.0,470.0,469.0,471.0,452.0,455.0,454.0,,,0
455.0,471.0,470.0,472.0,453.0,456.0,455.0,,,0
456.0,472.0,471.0,473.0,454.0,457.0,456.0,,,0
457.0,473.0,472.0,474.0,455.0,458.0,457.0,,,0
458.0,474.0,473.0,475.0,456.0,459.0,458.0,,,0
459.0,475.0,474.0,476.0,457.0,460.0,459.0,,,0
460.0,476.0,475.0,477.0,458.0,461.0,460.0,,,0
461.0,477.0,476.0,478.0,459.0,462.0,461.0,,,0
462.0,478.0,477.0,479.0,460.0,463.0,462.0,,,0
463.0,479.0,478.0,480.0,461.0,464.0,463.0,,,0
464.0,480.0,479.0,481.0,462.0,465.0,464.0,,,0
465.0,481.0,480.0,482.0,463.0,466.0,465.0,,,0
466.0,482.0,481.0,483.0,464.0,467.0,466.0,,,0
467.0,483.0,482.0,484.0,465.0,468.0,467.0,,,0
468.0,484.0,483.0,485.0,466.0,469.0,468.0,,,0
469.0,485.0,484.0,486.0,467.0,470.0,469.0,,,0
470.0,486.0,485.0,487.0,468.0,471.0,470.0,,,0
471.0,487.0,486.0,488.0,469.0,472.0,471.0,,,0
472.0,488.0,487.0,489.0,470.0,473.0,472.0,,,0
473.0,489.0,488.0,490.0,471.0,474.0,473.0,,,0
474.0,490.0,489.0,491.0,472.0,475.0,474.0,,,0
475.0,491.0,490.0,492.0,473.0,476.0,475.0,,,0
476.0,492.0,491.0,493.0,474.0,477.0,476.0,,,0
477.0,493.0,492.0,494.0,475.0,478.0,477.0,,,0
478.0,494.0,493.0,495.0,476.0,479.0,478.0,,,0
479.0,495.0,494.0,496.0,477.0,480.0,479.0,,,0
480.0,496.0,495.0,497.0,478.0,481.0,480.0,,,0
481.0,497.0,496.0,498.0,479.0,482.0,481.0,,,0
482.0,498.0,497.0,499.0,480.0,483.0,482.0,,,0
483.0,499.0,498.0,500.0,481.0,484.0,483.0,,,0
484.0,500.0,499.0,501.0,482.0,485.0,484.0,,,0
485.0,501.0,500.0,502.0,483.0,486.0,485.0,,,0
486.0,502.0,501.0,503.0,484.0,487.0,486.0,,,0
487.0,503.0,502.0,504.0,485.0,488.0,487.0,,,0
488.0,504.0,503.0,505.0,486.0,489.0,488.0,,,0
489.0,505.0,504.0,506.0,487.0,490.0,489.0,,,0
490.0,506.0,505.0,507.0,488.0,491.0,490.0,,,0
491.0,507.0,506.0,508.0,489.0,492.0,491.0,,,0
492.0,508.0,507.0,509.0,490.0,493.0,492.0,,,0
493.0,509.0,508.0,510.0,491.0,494.0,493.0,,,0
494.0,510.0,509.0,511.0,492.0,495.0,494.0,,,0
495.0,511.0,510.0,512.0,493.0,496.0,495.0,,,0
496.0,512.0,511.0,513.0,494.0,497.0,496.0,,,0
497.0,513.0,512.0,514.0,495.0,498.0,497.0,,,0
498.0,514.0,513.0,515.0,496.0,499.0,498.0,,,0
499.0,515.0,514.0,516.0,497.0,500.0,499.0,,,0
500.0,516.0,515.0,517.0,498.0,501.0,500.0,,,0
501.0,517.0,516.0,518.0,499.0,502.0,501.0,,,0
502.0,518.0,517.0,519.0,500.0,503.0,502.0,,,0
503.0,519.0,518.0,520.0,501.0,504.0,503.0,,,0
504.0,520.0,519.0,521.0,502.0,505.0,504.0,,,0
505.0,521.0,520.0,522.0,503.0,506.0,505.0,,,0
506.0,522.0,521.0,523.0,504.0,507.0,506.0,,,0
507.0,523.0,522.0,524.0,505.0,508.0,507.0,,,0
508.0,524.0,523.0,525.0,506.0,509.0,508.0,,,0
509.0,525.0,524.0,526.0,507.0,510.0,509.0,,,0
510.0,526.0,525.0,527.0,508.0,511.0,510.0,,,0
,,526.0,528.0,509.0,512.0,511.0,,,0
511.0,527.0,527.0,529.0,510.0,513.0,512.0,,,0
512.0,528.0,528.0,530.0,511.0,514.0,513.0,,,0
513.0,529.0,529.0,531.0,512.0,515.0,514.0,,,0
514.0,530.0,530.0,532.0,513.0,516.0,515.0,,,0
515.0,531.0,531.0,533.0,514.0,517.0,516.0,,,0
516.0,532.0,532.0,534.0,515.0,518.0,517.0,,,0
517.0,533.0,533.0,535.0,516.0,519.0,518.0,,,0
518.0,534.0,534.0,536.0,517.0,520.0,519.0,,,0
519.0,535.0,535.0,537.0,518.0,521.0,520.0,,,0
520.0,536.0,536.0,538.0,519.0,522.0,521.0,,,0
521.0,537.0,537.0,539.0,520.0,523.0,522.0,,,0
522.0,538.0,538.0,540.0,521.0,524.0,523.0,,,0
523.0,539.0,539.0,541.0,522.0,525.0,524.0,,,0
524.0,540.0,540.0,542.0,523.0,526.0,525.0,,,0
525.0,541.0,541.0,543.0,524.0,527.0,526.0,,,0
526.0,542.0,542.0,544.0,525.0,528.0,527.0,,,0
527.0,543.0,543.0,545.0,526.0,529.0,528.0,,,0
528.0,544.0,544.0,546.0,527.0,530.0,529.0,,,0
529.0,545.0,545.0,547.0,528.0,531.0,530.0,,,0
530.0,546.0,546.0,548.0,529.0,532.0,531.0,,,0
531.0,547.0,547.0,549.0,530.0,533.0,532.0,,,0
532.0,548.0,548.0,550.0,531.0,534.0,533.0,,,0
533.0,549.0,549.0,551.0,532.0,535.0,534.0,,,0
534.0,550.0,550.0,552.0,533.0,536.0,535.0,,,0
535.0,551.0,551.0,553.0,534.0,537.0,536.0,,,0
536.0,552.0,552.0,554.0,535.0,538.0,537.0,,,0
537.0,553.0,553.0,555.0,536.0,539.0,538.0,,,0
538.0,554.0,554.0,556.0,537.0,540.0,539.0,,,0
539.0,555.0,555.0,557.0,538.0,541.0,540.0,,,0
540.0,556.0,556.0,558.0,539.0,542.0,541.0,,,0
541.0,557.0,557.0,559.0,540.0,543.0,542.0,,,0
542.0,558.0,558.0,560.0,541.0,544.0,543.0,,,0
543.0,559.0,559.0,561.0,542.0,545.0,544.0,,,0
544.0,560.0,560.0,562.0,543.0,546.0,545.0,,,0
545.0,561.0,561.0,563.0,544.0,547.0,546.0,,,0
546.0,562.0,562.0,564.0,545.0,548.0,547.0,,,0
547.0,563.0,563.0,565.0,546.0,549.0,548.0,,,0
548.0,564.0,564.0,566.0,547.0,550.0,549.0,,,0
549.0,565.0,565.0,567.0,548.0,551.0,,,,0
550.0,566.0,566.0,568.0,549.0,552.0,,,,0
