subject_id,protein,aapos,aa_var,timepoint,abs_HAnum,HA_ant,aa_consensus,prop
11-001,HA,65,K,2.0,0,,N,0.032679738562091505
11-001,HA,146,G,2.0,0,,S,0.09333333333333334
11-001,HA,297,T,2.0,0,,I,0.038461538461538464
11-001,HA,471,Y,2.0,0,,H,0.02958579881656805
11-001,HA,511,T,2.0,0,,I,0.035502958579881665
11-001,M1,137,I,2.0,0,,T,0.03448275862068965
11-001,M1,203,I,2.0,0,,M,0.03184713375796178
11-001,M2,27,I,2.0,0,,V,0.030303030303030307
11-001,NP,108,F,2.0,0,,L,0.03875968992248062
11-001,NP,190,T,2.0,0,,A,0.06289308176100629
11-001,NP,306,S,2.0,0,,L,0.14285714285714285
11-001,NP,392,N,2.0,0,,S,0.0979381443298969
11-001,NP,462,R,2.0,0,,G,0.02824858757062147
11-001,PA,26,V,2.0,0,,E,0.05194805194805195
11-001,PA,86,V,2.0,0,,M,0.0226628895184136
11-001,PA,128,R,2.0,0,,H,0.03260869565217391
11-001,PA,210,I,2.0,0,,T,0.03755868544600939
11-001,PA,271,T,2.0,0,,P,0.12154696132596685
11-001,PA,468,T,2.0,0,,A,0.03424657534246575
11-001,PA-X,26,V,2.0,0,,E,0.05194805194805195
11-001,PA-X,86,V,2.0,0,,M,0.0226628895184136
11-001,PA-X,128,R,2.0,0,,H,0.03260869565217391
11-001,PB1,102,L,2.0,0,,I,0.10185185185185183
11-001,PB1,199,I,2.0,0,,M,0.04
11-001,PB1,265,R,2.0,0,,K,0.03896103896103896
11-001,PB1,324,H,2.0,0,,Y,0.033057851239669415
11-001,PB1,399,D,2.0,0,,G,0.033057851239669415
11-001,PB1,440,R,2.0,0,,G,0.07216494845360824
11-001,PB1,572,G,2.0,0,,R,0.037037037037037035
11-001,PB2,15,H,2.0,0,,R,0.06140350877192983
11-001,PB2,199,V,2.0,0,,A,0.050955414012738856
11-001,PB2,238,K,2.0,0,,T,0.040816326530612235
11-001,PB2,513,W,2.0,0,,L,0.0847457627118644
11-001,PB2,624,V,2.0,0,,A,0.042105263157894736
11-002,HA,214,E,4.0,0,,K,0.14393939393939395
11-002,NA,312,C,4.0,0,,Y,0.08695652173913042
11-002,NA,451,G,4.0,0,,D,0.023323615160349854
11-002,NEP,5,I,4.0,0,,T,0.027777777777777776
11-002,NEP,83,R,4.0,0,,W,0.02616279069767442
11-002,NEP,95,A,4.0,0,,T,0.030054644808743168
11-002,NP,124,S,4.0,0,,N,0.04979253112033195
11-002,NP,269,P,4.0,0,,S,0.027149321266968326
11-002,NP,336,V,4.0,0,,A,0.03896103896103896
11-002,NS1,5,I,4.0,0,,T,0.027777777777777776
11-002,PA,321,S,4.0,0,,N,0.07203389830508475
11-002,PB1,92,I,4.0,0,,M,0.04945054945054945
11-002,PB1,234,S,4.0,0,,G,0.17679558011049726
11-002,PB1,386,R,4.0,0,,K,0.12096774193548387
11-002,PB1,422,L,4.0,0,,S,0.11409395973154365
11-002,PB2,60,N,4.0,0,,D,0.03132530120481928
11-002,PB2,344,M,4.0,0,,V,0.060759493670886074
11-006,HA,57,V,4.0,0,,A,0.04608294930875576
11-006,HA,159,K,4.0,0,Sa,N,0.031914893617021274
11-006,HA,455,F,4.0,0,,L,0.25
11-006,HA,521,A,4.0,0,,V,0.039647577092511016
11-006,M1,247,K,4.0,0,,Q,0.038314176245210725
11-006,M1,251,S,4.0,0,,F,0.027027027027027032
11-006,M2,17,*,4.0,0,,C,0.038314176245210725
11-006,M2,22,P,4.0,0,,S,0.027027027027027032
11-006,M2,79,V,4.0,0,,E,0.05555555555555555
11-006,NA,97,*,4.0,0,,W,0.10493827160493828
11-006,NP,34,D,4.0,0,,G,0.02295918367346939
11-006,NP,131,T,4.0,0,,A,0.03369272237196765
11-006,NP,217,I,4.0,0,,V,0.02753303964757709
11-006,NP,258,S,4.0,0,,F,0.057823129251700675
11-006,NS1,17,Y,4.0,0,,H,0.024709302325581398
11-006,PA,58,S,4.0,0,,G,0.028639618138424826
11-006,PA,154,K,4.0,0,,E,0.028469750889679717
11-006,PA,319,K,4.0,0,,E,0.05670103092783505
11-006,PA-X,58,S,4.0,0,,G,0.028639618138424826
11-006,PA-X,154,K,4.0,0,,E,0.028469750889679717
11-1015,HA,360,R,2.0,0,,G,0.027237354085603117
11-1015,HA,455,F,2.0,0,,L,0.3087248322147651
11-1015,HA,529,A,2.0,0,,V,0.026046511627906974
11-1015,HA,529,A,7.0,0,,V,0.0
11-1015,HA,544,P,7.0,0,,L,0.03508771929824561
11-1015,HA,544,P,2.0,0,,L,0.0
11-1015,NA,35,G,2.0,0,,S,0.02549019607843137
11-1015,NA,35,G,7.0,0,,S,0.0
11-1015,NA,148,A,7.0,0,,T,0.1532258064516129
11-1015,NA,148,A,2.0,0,,T,0.0022123893805309734
11-1015,NA,214,E,2.0,0,,D,0.04316546762589928
11-1015,NA,214,E,7.0,0,,D,0.0
11-1015,NA,358,*,2.0,0,,W,0.058925476603119586
11-1015,NA,358,*,7.0,0,,W,0.0
11-1015,NEP,114,I,7.0,0,,V,0.021794871794871797
11-1015,NEP,114,I,2.0,0,,V,0.0
11-1015,NP,31,K,2.0,0,,R,0.05688622754491018
11-1015,NP,31,K,7.0,0,,R,0.0
11-1015,NP,107,G,2.0,0,,E,0.02915451895043732
11-1015,NP,198,E,7.0,0,,K,0.06666666666666668
11-1015,NP,198,E,2.0,0,,K,0.0
11-1015,NS1,39,G,7.0,0,,D,0.0302066772655008
11-1015,NS1,39,G,2.0,0,,D,0.0
11-1015,NS1,64,T,7.0,0,,I,0.04032258064516129
11-1015,NS1,64,T,2.0,0,,I,0.0018115942028985507
11-1015,NS1,92,N,2.0,0,,D,0.07330827067669173
11-1015,NS1,92,N,7.0,0,,D,0.0
11-1015,PA,154,G,2.0,0,,E,0.033057851239669415
11-1015,PA,252,G,2.0,0,,E,0.06976744186046513
11-1015,PA,606,G,2.0,0,,D,0.03669724770642202
11-1015,PA-X,154,G,2.0,0,,E,0.033057851239669415
11-1015,PB1,715,M,2.0,0,,V,0.047058823529411764
11-1015,PB1,715,M,7.0,0,,V,0.0
11-1015,PB2,286,G,2.0,0,,S,0.0425531914893617
11-1015,PB2,343,K,2.0,0,,E,0.0423728813559322
11-1015,PB2,670,E,2.0,0,,K,0.06666666666666668
11-1015,PB2,670,E,7.0,0,,K,0.0
11-1016,HA,54,I,10.0,0,,L,0.06666666666666668
11-1016,HA,54,I,8.0,0,,L,0.0
11-1016,HA,106,K,10.0,0,,E,0.05617977528089888
11-1016,HA,106,K,8.0,0,,E,0.0
11-1016,HA,185,Q,8.0,0,,P,0.02212389380530973
11-1016,HA,185,Q,10.0,0,,P,0.0
11-1016,HA,273,L,10.0,0,,P,0.10606060606060606
11-1016,HA,273,L,8.0,0,,P,0.0
11-1016,HA,455,F,8.0,0,,L,0.3253012048192771
11-1016,HA,489,L,8.0,0,,P,0.0224159402241594
11-1016,HA,489,L,10.0,0,,P,0.0
11-1016,M1,42,P,10.0,0,,L,0.043478260869565216
11-1016,M1,42,P,8.0,0,,L,0.0
11-1016,M1,224,N,10.0,0,,S,0.12844036697247707
11-1016,M1,224,N,8.0,0,,S,0.0
11-1016,M2,34,E,10.0,0,,G,0.02985074626865672
11-1016,M2,34,E,8.0,0,,G,0.0
11-1016,M2,46,P,8.0,0,,L,0.032679738562091505
11-1016,M2,46,P,10.0,0,,L,0.0
11-1016,NA,321,V,8.0,0,,I,0.049504950495049514
11-1016,NA,408,R,10.0,0,,Q,0.056338028169014086
11-1016,NA,408,R,8.0,0,,Q,0.0
11-1016,NP,72,G,10.0,0,,D,0.14705882352941174
11-1016,NP,72,G,8.0,0,,D,0.0
11-1016,NP,247,S,10.0,0,,N,0.13953488372093026
11-1016,NP,247,S,8.0,0,,N,0.0
11-1016,NP,299,I,10.0,0,,V,0.027027027027027032
11-1016,NP,299,I,8.0,0,,V,0.0
11-1016,NP,436,Q,10.0,0,,R,0.17849462365591398
11-1016,NP,436,Q,8.0,0,,R,0.003838771593090211
11-1016,PA,19,R,8.0,0,,K,0.02631578947368421
11-1016,PA,19,R,10.0,0,,K,0.007380073800738007
11-1016,PA,93,N,10.0,0,,S,0.04593639575971732
11-1016,PA,93,N,8.0,0,,S,0.0
11-1016,PA,175,F,10.0,0,,L,0.0365296803652968
11-1016,PA,175,F,8.0,0,,L,0.0
11-1016,PA,355,L,8.0,0,,P,0.036036036036036036
11-1016,PA,355,L,10.0,0,,P,0.0
11-1016,PA,433,T,8.0,0,,A,0.026490066225165563
11-1016,PA,433,T,10.0,0,,A,0.0
11-1016,PA,570,S,8.0,0,,T,0.0483271375464684
11-1016,PA,570,S,10.0,0,,T,0.0
11-1016,PA,714,T,10.0,0,,A,0.0798611111111111
11-1016,PA,714,T,8.0,0,,A,0.0
11-1016,PA-X,19,R,8.0,0,,K,0.02631578947368421
11-1016,PA-X,19,R,10.0,0,,K,0.007380073800738007
11-1016,PA-X,93,N,10.0,0,,S,0.04593639575971732
11-1016,PA-X,93,N,8.0,0,,S,0.0
11-1016,PA-X,175,F,10.0,0,,L,0.0365296803652968
11-1016,PA-X,175,F,8.0,0,,L,0.0
11-1016,PB1,232,G,10.0,0,,E,0.061224489795918366
11-1016,PB1,232,G,8.0,0,,E,0.0
11-1016,PB1,329,R,8.0,0,,Q,0.04938271604938271
11-1016,PB1,329,R,10.0,0,,Q,0.0
11-1016,PB1,377,N,10.0,0,,D,0.06896551724137931
11-1016,PB1,377,N,8.0,0,,D,0.0
11-1016,PB1,451,M,10.0,0,,V,0.2846153846153846
11-1016,PB1,451,M,8.0,0,,V,0.0
11-1016,PB1,469,A,10.0,0,,T,0.11711711711711713
11-1016,PB1,469,A,8.0,0,,T,0.0
11-1016,PB1,524,N,10.0,0,,S,0.06194690265486725
11-1016,PB1,524,N,8.0,0,,S,0.0
11-1016,PB1,571,K,10.0,0,,R,0.06422018348623854
11-1016,PB1,571,K,8.0,0,,R,0.0
11-1016,PB1,667,T,8.0,0,,I,0.030674846625766868
11-1016,PB1,667,T,10.0,0,,I,0.0
11-1016,PB1,670,G,10.0,0,,R,0.05
11-1016,PB1,670,G,8.0,0,,R,0.0
11-1016,PB1,722,T,8.0,0,,A,0.04782608695652174
11-1016,PB1,722,T,10.0,0,,A,0.0
11-1016,PB2,141,M,10.0,0,,I,0.16
11-1016,PB2,141,M,8.0,0,,I,0.0
11-1016,PB2,263,D,8.0,0,,A,0.030303030303030307
11-1016,PB2,263,D,10.0,0,,A,0.0
11-1016,PB2,386,I,8.0,0,,V,0.027149321266968326
11-1016,PB2,386,I,10.0,0,,V,0.0
11-1020,HA,209,C,3.0,0,,Y,0.03883495145631068
11-1020,HA,209,C,6.0,0,,Y,0.0
11-1020,HA,481,A,3.0,0,,V,0.04065040650406504
11-1020,HA,481,A,6.0,0,,V,0.0
11-1020,M1,239,T,3.0,0,,A,0.2357142857142857
11-1020,M1,239,T,6.0,0,,A,0.0
11-1020,NP,116,T,6.0,0,,I,0.12269938650306747
11-1020,NP,262,P,3.0,0,,S,0.0875
11-1020,NP,262,P,6.0,0,,S,0.0
11-1020,NP,267,K,3.0,0,,R,0.045454545454545456
11-1020,NP,267,K,6.0,0,,R,0.0
11-1020,NP,276,P,3.0,0,,L,0.040540540540540536
11-1020,NP,276,P,6.0,0,,L,0.004219409282700422
11-1020,NP,419,S,6.0,0,,P,0.026415094339622643
11-1020,NS1,28,D,3.0,0,,G,0.022271714922049
11-1020,NS1,28,D,6.0,0,,G,0.0
11-1020,NS1,56,I,3.0,0,,T,0.02522935779816514
11-1020,NS1,56,I,6.0,0,,T,0.0
11-1020,NS1,107,S,6.0,0,,P,0.02395209580838324
11-1020,NS1,107,S,3.0,0,,P,0.0
11-1020,NS1,142,G,3.0,0,,E,0.0313588850174216
11-1020,NS1,142,G,6.0,0,,E,0.013793103448275862
11-1020,PA,144,Y,3.0,0,,H,0.2807017543859649
11-1020,PA,144,Y,6.0,0,,H,0.0
11-1020,PA,160,G,6.0,0,,D,0.03597122302158273
11-1020,PA,160,G,3.0,0,,D,0.0
11-1020,PA,263,A,6.0,0,,T,0.0410958904109589
11-1020,PA,263,A,3.0,0,,T,0.0
11-1020,PA,527,P,3.0,0,,L,0.04411764705882353
11-1020,PA,527,P,6.0,0,,L,0.0
11-1020,PA,671,T,3.0,0,,A,0.03125
11-1020,PA,671,T,6.0,0,,A,0.0
11-1020,PA-X,144,Y,3.0,0,,H,0.2807017543859649
11-1020,PA-X,144,Y,6.0,0,,H,0.0
11-1020,PA-X,160,G,6.0,0,,D,0.03597122302158273
11-1020,PA-X,160,G,3.0,0,,D,0.0
11-1020,PB1,76,N,6.0,0,,D,0.031413612565445025
11-1020,PB1,351,I,6.0,0,,L,0.04424778761061947
11-1020,PB1,600,D,6.0,0,,N,0.043478260869565216
11-1020,PB1,658,N,6.0,0,,D,0.027149321266968326
11-1020,PB2,96,I,6.0,0,,V,0.04602510460251046
11-1020,PB2,126,R,6.0,0,,K,0.04487179487179487
11-1020,PB2,153,G,6.0,0,,D,0.03333333333333333
11-1020,PB2,375,K,6.0,0,,R,0.062015503875968984
11-1020,PB2,454,T,6.0,0,,I,0.06382978723404255
11-1022,HA,225,D,6.0,0,Ca,G,0.2623762376237624
11-1022,HA,226,R,6.0,0,,Q,0.048888888888888885
11-1022,NA,44,D,6.0,0,,N,0.035386631716906945
11-1022,NA,63,D,6.0,0,,N,0.03316326530612245
11-1022,NA,399,L,6.0,0,,W,0.025
11-1022,NP,16,D,6.0,0,,G,0.06527415143603134
11-1022,NP,39,L,6.0,0,,F,0.02570093457943925
11-1022,NP,168,*,6.0,0,,Q,0.04
11-1022,NP,265,T,6.0,0,,I,0.027124773960217
11-1022,NP,283,I,6.0,0,,L,0.06517311608961303
11-1022,NP,329,M,6.0,0,,V,0.03560830860534125
11-1022,NP,486,F,6.0,0,,S,0.044919786096256686
11-1022,NS1,169,Y,6.0,0,,H,0.038860103626943004
11-1022,PA,369,V,6.0,0,,A,0.042857142857142864
11-1022,PA,398,L,6.0,0,,P,0.21686746987951808
11-1022,PB1,7,P,6.0,0,,L,0.02876106194690265
11-1022,PB2,365,V,6.0,0,,M,0.05128205128205128
11-1022,PB2,480,A,6.0,0,,V,0.045454545454545456
12-001,HA,455,I,2.0,0,,L,0.09111111111111111
12-001,HA,455,I,4.0,0,,L,0.03374347155363084
12-001,M1,140,A,2.0,0,,T,0.04838709677419355
12-001,M1,140,A,4.0,0,,T,0.015503875968992248
12-001,M1,174,G,5.0,0,,R,0.04477611940298507
12-001,M1,174,G,2.0,0,,R,0.0
12-001,M1,174,G,4.0,0,,R,0.0
12-001,M1,211,R,5.0,0,,Q,0.038461538461538464
12-001,M1,211,R,2.0,0,,Q,0.0
12-001,M1,211,R,4.0,0,,Q,0.0
12-001,M2,93,D,5.0,0,,N,0.05172413793103448
12-001,M2,93,D,2.0,0,,N,0.002352941176470588
12-001,M2,93,D,4.0,0,,N,0.0
12-001,NA,46,V,5.0,0,,I,0.052083333333333336
12-001,NA,46,V,2.0,0,,I,0.0
12-001,NA,46,V,4.0,0,,I,0.0
12-001,NA,103,E,4.0,0,,D,0.028571428571428567
12-001,NA,103,E,2.0,0,,D,0.0
12-001,NA,103,E,5.0,0,,D,0.0
12-001,NA,276,H,5.0,0,,Y,0.040540540540540536
12-001,NA,276,H,2.0,0,,Y,0.0
12-001,NA,276,H,4.0,0,,Y,0.0
12-001,NA,350,T,2.0,0,,S,0.024193548387096774
12-001,NA,350,T,4.0,0,,S,0.0
12-001,NA,350,T,5.0,0,,S,0.0
12-001,NA,461,T,4.0,0,,A,0.029761904761904764
12-001,NA,461,T,2.0,0,,A,0.0
12-001,NA,461,T,5.0,0,,A,0.0
12-001,NEP,97,S,5.0,0,,N,0.07017543859649122
12-001,NEP,97,S,2.0,0,,N,0.0
12-001,NEP,97,S,4.0,0,,N,0.0
12-001,NP,329,A,5.0,0,,V,0.1590909090909091
12-001,NP,329,A,2.0,0,,V,0.0
12-001,NP,329,A,4.0,0,,V,0.0
12-001,NP,459,*,5.0,0,,Q,0.04430379746835443
12-001,NP,459,*,2.0,0,,Q,0.0
12-001,NP,459,*,4.0,0,,Q,0.0
12-001,NP,494,G,5.0,0,,E,0.02958579881656805
12-001,NP,494,G,2.0,0,,E,0.0
12-001,NP,494,G,4.0,0,,E,0.0
12-001,PA,186,G,4.0,0,,S,0.03355704697986577
12-001,PA,186,G,2.0,0,,S,0.0
12-001,PA,624,A,5.0,0,,S,0.21153846153846154
12-001,PA,624,A,2.0,0,,S,0.0
12-001,PA,624,A,4.0,0,,S,0.0
12-001,PA-X,186,G,4.0,0,,S,0.03355704697986577
12-001,PA-X,186,G,2.0,0,,S,0.0
12-001,PA-X,194,Q,4.0,0,,P,0.0380952380952381
12-001,PA-X,194,Q,2.0,0,,P,0.0
12-001,PB1,12,S,4.0,0,,I,0.02734375
12-001,PB1,12,S,2.0,0,,I,0.0
12-001,PB2,69,K,2.0,0,,E,0.13861386138613865
12-001,PB2,69,K,4.0,0,,E,0.015584415584415584
12-001,PB2,69,K,5.0,0,,E,0.0
12-001,PB2,416,V,2.0,0,,G,0.034013605442176874
12-001,PB2,416,V,4.0,0,,G,0.0
12-001,PB2,556,K,4.0,0,,N,0.022222222222222227
12-001,PB2,556,K,2.0,0,,N,0.0
12-001,PB2,661,T,5.0,0,,A,0.04938271604938271
12-001,PB2,661,T,2.0,0,,A,0.0
12-001,PB2,661,T,4.0,0,,A,0.0
12-005,HA,376,K,10.0,0,,E,0.02917771883289125
12-005,HA,376,K,12.0,0,,E,0.0
12-005,M2,48,S,10.0,0,,F,0.043478260869565216
12-005,M2,48,S,12.0,0,,F,0.030303030303030304
12-005,NA,275,H,10.0,0,,Y,0.15350877192982454
12-005,NA,275,H,12.0,0,,Y,0.0738255033557047
12-005,NP,233,D,10.0,0,,A,0.14056224899598393
12-005,NP,233,D,12.0,0,,A,0.0
12-005,NP,452,E,10.0,0,,K,0.05397727272727273
12-005,NP,452,E,12.0,0,,K,0.0
12-005,PA,18,G,12.0,0,,E,0.0606826801517067
12-005,PA,18,G,10.0,0,,E,0.0
12-005,PA,529,N,10.0,0,,D,0.0378657487091222
12-005,PA,529,N,12.0,0,,D,0.0
12-005,PA-X,18,G,12.0,0,,E,0.0606826801517067
12-005,PA-X,18,G,10.0,0,,E,0.0
12-005,PB1,301,A,10.0,0,,T,0.035294117647058816
12-005,PB1,301,A,12.0,0,,T,0.0
12-005,PB1,517,I,12.0,0,,V,0.048689138576779034
12-005,PB1,517,I,10.0,0,,V,0.0
12-005,PB1,630,H,10.0,0,,P,0.2408376963350785
12-005,PB1,630,H,12.0,0,,P,0.0
12-005,PB1,716,G,10.0,0,,E,0.04487179487179487
12-005,PB1,716,G,12.0,0,,E,0.0012658227848101266
12-005,PB1,732,A,10.0,0,,S,0.047021943573667714
12-005,PB1,732,A,12.0,0,,S,0.0
12-005,PB2,363,L,10.0,0,,F,0.06521739130434782
12-005,PB2,363,L,12.0,0,,F,0.0
12-1234,HA,7,I,3.0,1,,V,0.044619422572178484
12-1234,HA,29,I,3.0,0,,V,0.03430079155672823
12-1234,HA,94,T,3.0,0,,N,0.025
12-1234,HA,117,P,3.0,0,,S,0.0311284046692607
12-1234,HA,220,S,3.0,0,,R,0.0313588850174216
12-1234,HA,277,S,3.0,1,,N,0.0379746835443038
12-1234,HA,455,F,3.0,0,,L,0.2727272727272727
12-1234,NA,84,R,3.0,0,,K,0.12857142857142856
12-1234,NA,221,N,3.0,0,,D,0.05
12-1234,NP,119,F,3.0,0,,V,0.028795811518324606
12-1234,NP,212,E,3.0,0,,G,0.052777777777777785
12-1234,NP,451,E,3.0,0,,A,0.03095558546433378
12-1234,PA,58,S,3.0,0,,G,0.025559105431309903
12-1234,PA,395,S,3.0,0,,G,0.031007751937984492
12-1234,PA,703,D,3.0,0,,N,0.07191780821917808
12-1234,PA-X,58,S,3.0,0,,G,0.025559105431309903
12-1234,PB1,75,E,3.0,0,,K,0.0783132530120482
12-1234,PB1,178,G,3.0,0,,E,0.0472972972972973
12-1234,PB1,531,R,3.0,0,,K,0.05882352941176471
12-1234,PB1,673,Y,3.0,0,,S,0.03048780487804878
12-1234,PB1,690,*,3.0,0,,Q,0.03125
12-1234,PB1,752,G,3.0,0,,E,0.07234042553191489
12-1234,PB2,9,N,3.0,0,,D,0.026246719160104987
12-1234,PB2,55,H,3.0,0,,Y,0.03314917127071823
12-1234,PB2,144,R,3.0,0,,K,0.0308641975308642
12-1234,PB2,276,Q,3.0,0,,P,0.046263345195729534
12-1234,PB2,700,G,3.0,0,,E,0.054716981132075466
12-1234,PB2,717,T,3.0,0,,A,0.050335570469798654
12-1235,HA,2,E,12.0,1,,K,0.03947368421052632
12-1235,HA,71,P,12.0,0,,L,0.04
12-1235,HA,84,*,12.0,0,,W,0.037037037037037035
12-1235,HA,248,A,12.0,0,,T,0.040540540540540536
12-1235,HA,455,F,12.0,0,,L,0.0684931506849315
12-1235,M1,21,R,12.0,0,,K,0.0364963503649635
12-1235,NEP,45,M,12.0,0,,I,0.05263157894736842
12-1235,NP,5,D,12.0,0,,G,0.11494252873563217
12-1235,NP,108,P,12.0,0,,L,0.040404040404040414
12-1235,NP,161,T,12.0,0,,P,0.036764705882352935
12-1235,NP,165,P,12.0,0,,S,0.0425531914893617
12-1235,NP,367,L,12.0,0,,S,0.045045045045045036
12-1235,NS1,198,V,12.0,0,,I,0.05263157894736842
12-1235,PA,1,I,12.0,0,,M,0.1366906474820144
12-1235,PA,117,L,12.0,0,,F,0.0625
12-1235,PA,200,K,12.0,0,,T,0.19607843137254904
12-1235,PA,238,L,12.0,0,,P,0.140625
12-1235,PA,617,K,12.0,0,,E,0.1935483870967742
12-1235,PA,637,R,12.0,0,,C,0.061855670103092786
12-1235,PA,645,I,12.0,0,,V,0.1414141414141414
12-1235,PA-X,1,I,12.0,0,,M,0.1366906474820144
12-1235,PA-X,117,L,12.0,0,,F,0.0625
12-1235,PA-X,200,K,12.0,0,,Q,0.19607843137254904
H053/S03,HA,340,G,4.0,0,,E,0.027932960893854747
H053/S03,HA,340,G,1.0,0,,E,0.0
H053/S03,HA,455,F,1.0,0,,L,0.2926829268292683
H053/S03,HA,455,F,4.0,0,,L,0.4487179487179487
H053/S03,HA,470,H,4.0,0,,Y,0.11888111888111888
H053/S03,HA,470,H,1.0,0,,Y,0.0
H053/S03,M1,16,S,4.0,0,,P,0.06094808126410835
H053/S03,M1,16,S,1.0,0,,P,0.0
H053/S03,M1,103,P,4.0,0,,L,0.02962962962962963
H053/S03,M1,103,P,1.0,0,,L,0.002053388090349076
H053/S03,M1,239,V,4.0,0,,A,0.041970802919708027
H053/S03,M1,239,V,1.0,0,,A,0.0
H053/S03,M2,10,S,4.0,0,,P,0.041970802919708027
H053/S03,M2,10,S,1.0,0,,P,0.0
H053/S03,M2,46,P,1.0,0,,L,0.043795620437956206
H053/S03,M2,46,P,4.0,0,,L,0.03614457831325301
H053/S03,M2,48,S,1.0,0,,F,0.03314917127071823
H053/S03,M2,48,S,4.0,0,,F,0.03361344537815126
H053/S03,NA,16,I,1.0,0,,T,0.023316062176165803
H053/S03,NA,16,I,4.0,0,,T,0.0
H053/S03,NA,191,I,4.0,0,,L,0.04201680672268908
H053/S03,NA,191,I,1.0,0,,L,0.0
H053/S03,NP,71,L,1.0,0,,F,0.037037037037037035
H053/S03,NP,71,L,4.0,0,,F,0.0
H053/S03,NS1,33,P,4.0,0,,L,0.021889400921658985
H053/S03,NS1,33,P,1.0,0,,L,0.0
H053/S03,NS1,107,P,1.0,0,,L,0.4021739130434783
H053/S03,NS1,107,P,4.0,0,,L,0.5216000000000001
H053/S03,NS1,138,S,4.0,0,,F,0.023121387283236997
H053/S03,NS1,138,S,1.0,0,,F,0.0
H053/S03,PA,143,R,4.0,0,,T,0.02894736842105263
H053/S03,PA,143,R,1.0,0,,T,0.0
H053/S03,PA,176,V,1.0,0,,F,0.08095238095238096
H053/S03,PA,176,V,4.0,0,,F,0.0
H053/S03,PA,485,I,4.0,0,,M,0.026200873362445413
H053/S03,PA,485,I,1.0,0,,M,0.0
H053/S03,PA,712,I,4.0,0,,T,0.02205882352941177
H053/S03,PA,712,I,1.0,0,,T,0.0
H053/S03,PA-X,143,R,4.0,0,,T,0.02894736842105263
H053/S03,PA-X,143,R,1.0,0,,T,0.0
H053/S03,PA-X,176,V,1.0,0,,F,0.08095238095238096
H053/S03,PA-X,176,V,4.0,0,,F,0.0
H053/S03,PB1,250,S,4.0,0,,G,0.08658008658008658
H053/S03,PB1,250,S,1.0,0,,G,0.0
H053/S03,PB1,352,R,4.0,0,,G,0.03048780487804878
H053/S03,PB1,352,R,1.0,0,,G,0.0
H053/S03,PB1,607,S,4.0,0,,P,0.03167420814479638
H053/S03,PB1,607,S,1.0,0,,P,0.0
H053/S03,PB1,680,G,4.0,0,,R,0.03482587064676617
H053/S03,PB1,680,G,1.0,0,,R,0.0
H053/S03,PB1,739,G,4.0,0,,E,0.031746031746031744
H053/S03,PB1,739,G,1.0,0,,E,0.0
H053/S03,PB2,383,*,4.0,0,,Q,0.026104417670682733
H053/S03,PB2,383,*,1.0,0,,Q,0.0
H053/S05,HA,34,A,2.0,0,,V,0.027932960893854747
H053/S05,HA,34,A,0.0,0,,V,0.0
H053/S05,HA,34,A,3.0,0,,V,0.0
H053/S05,HA,37,K,0.0,0,,T,0.02536997885835095
H053/S05,HA,37,K,2.0,0,,T,0.0
H053/S05,HA,37,K,3.0,0,,T,0.0
H053/S05,HA,116,L,2.0,0,,S,0.04773869346733668
H053/S05,HA,116,L,0.0,0,,S,0.0015723270440251573
H053/S05,HA,116,L,3.0,0,,S,0.0
H053/S05,HA,236,P,3.0,0,,L,0.0625
H053/S05,HA,236,P,0.0,0,,L,0.0007446016381236039
H053/S05,HA,236,P,2.0,0,,L,0.0
H053/S05,HA,307,E,3.0,0,,K,0.15555555555555556
H053/S05,HA,307,E,0.0,0,,K,0.0
H053/S05,HA,307,E,2.0,0,,K,0.0
H053/S05,HA,361,P,2.0,0,,S,0.049107142857142856
H053/S05,HA,361,P,0.0,0,,S,0.0
H053/S05,HA,361,P,3.0,0,,S,0.0
H053/S05,HA,455,L,0.0,0,,F,0.20618556701030927
H053/S05,HA,455,L,2.0,0,,F,0.8415841584158416
H053/S05,HA,455,L,3.0,0,,F,0.6133333333333333
H053/S05,HA,505,I,3.0,0,,V,0.034296028880866435
H053/S05,HA,505,I,0.0,0,,V,0.0
H053/S05,HA,505,I,2.0,0,,V,0.0
H053/S05,HA,508,K,0.0,0,,E,0.034786869181773636
H053/S05,HA,508,K,2.0,0,,E,0.004889975550122249
H053/S05,HA,508,K,3.0,0,,E,0.0
H053/S05,HA,520,I,3.0,0,,T,0.04353932584269663
H053/S05,HA,520,I,0.0,0,,T,0.0
H053/S05,HA,520,I,2.0,0,,T,0.0
H053/S05,M1,109,L,2.0,0,,F,0.02824858757062147
H053/S05,M1,109,L,0.0,0,,F,0.0
H053/S05,M1,109,L,3.0,0,,F,0.0
H053/S05,M2,43,I,2.0,0,,T,0.047008547008547015
H053/S05,M2,43,I,0.0,0,,T,0.0
H053/S05,M2,43,I,3.0,0,,T,0.0
H053/S05,M2,46,P,0.0,0,,L,0.09195402298850576
H053/S05,M2,46,P,3.0,0,,L,0.016666666666666666
H053/S05,M2,48,S,0.0,0,,F,0.15853658536585366
H053/S05,M2,48,S,2.0,0,,F,0.05627998761801579
H053/S05,M2,48,S,3.0,0,,F,0.014492753623188406
H053/S05,NA,53,A,0.0,0,,V,0.03260869565217391
H053/S05,NA,53,A,2.0,0,,V,0.0
H053/S05,NA,53,A,3.0,0,,V,0.0
H053/S05,NA,87,S,3.0,0,,G,0.02631578947368421
H053/S05,NA,87,S,0.0,0,,G,0.0
H053/S05,NA,87,S,2.0,0,,G,0.00211864406779661
H053/S05,NA,126,H,0.0,0,,P,0.05232558139534884
H053/S05,NA,126,H,2.0,0,,P,0.0
H053/S05,NA,126,H,3.0,0,,P,0.0
H053/S05,NA,199,G,3.0,0,,D,0.04366812227074236
H053/S05,NA,199,G,0.0,0,,D,0.002560819462227913
H053/S05,NA,199,G,2.0,0,,D,0.0
H053/S05,NA,201,E,2.0,0,,G,0.059071729957805914
H053/S05,NA,201,E,0.0,0,,G,0.0014641288433382138
H053/S05,NA,201,E,3.0,0,,G,0.0
H053/S05,NA,303,C,0.0,0,,W,0.025495750708215296
H053/S05,NA,303,C,2.0,0,,W,0.0
H053/S05,NA,303,C,3.0,0,,W,0.0
H053/S05,NEP,18,F,3.0,0,,L,0.03954802259887006
H053/S05,NEP,18,F,0.0,0,,L,0.0
H053/S05,NEP,18,F,2.0,0,,L,0.0
H053/S05,NEP,105,V,2.0,0,,M,0.02259036144578313
H053/S05,NEP,105,V,0.0,0,,M,0.0
H053/S05,NEP,105,V,3.0,0,,M,0.0
H053/S05,NP,284,T,2.0,0,,A,0.05
H053/S05,NP,284,T,0.0,0,,A,0.0005717552887364208
H053/S05,NP,284,T,3.0,0,,A,0.0
H053/S05,NP,352,M,2.0,0,,V,0.038461538461538464
H053/S05,NP,352,M,0.0,0,,V,0.0
H053/S05,NP,352,M,3.0,0,,V,0.0
H053/S05,NP,450,G,3.0,0,,S,0.047619047619047616
H053/S05,NP,450,G,0.0,0,,S,0.0006157635467980296
H053/S05,NP,450,G,2.0,0,,S,0.0016806722689075631
H053/S05,NP,488,S,3.0,0,,F,0.03937007874015748
H053/S05,NP,488,S,0.0,0,,F,0.0
H053/S05,NP,488,S,2.0,0,,F,0.0
H053/S05,NS1,54,T,3.0,0,,I,0.09216589861751152
H053/S05,NS1,54,T,0.0,0,,I,0.0
H053/S05,NS1,54,T,2.0,0,,I,0.0
H053/S05,NS1,170,I,3.0,0,,T,0.03954802259887006
H053/S05,NS1,170,I,0.0,0,,T,0.0
H053/S05,NS1,170,I,2.0,0,,T,0.0
H053/S05,PA,69,K,0.0,0,,N,0.026884554559831308
H053/S05,PA,69,K,2.0,0,,N,0.0
H053/S05,PA,69,K,3.0,0,,N,0.0
H053/S05,PA,76,L,3.0,0,,F,0.04129793510324484
H053/S05,PA,76,L,0.0,0,,F,0.0
H053/S05,PA,76,L,2.0,0,,F,0.0
H053/S05,PA,364,G,0.0,0,,S,0.026815642458100558
H053/S05,PA,364,G,2.0,0,,S,0.0
H053/S05,PA,364,G,3.0,0,,S,0.0
H053/S05,PA,406,R,0.0,0,,W,0.021844660194174758
H053/S05,PA,406,R,2.0,0,,W,0.0
H053/S05,PA,406,R,3.0,0,,W,0.0
H053/S05,PA,543,P,0.0,0,,L,0.02994011976047904
H053/S05,PA,543,P,2.0,0,,L,0.0
H053/S05,PA,543,P,3.0,0,,L,0.005847953216374269
H053/S05,PA,628,M,2.0,0,,V,0.035211267605633804
H053/S05,PA,628,M,0.0,0,,V,0.0
H053/S05,PA,628,M,3.0,0,,V,0.0
H053/S05,PA,660,T,0.0,0,,A,0.028571428571428567
H053/S05,PA,660,T,2.0,0,,A,0.0
H053/S05,PA,660,T,3.0,0,,A,0.0
H053/S05,PA,710,I,2.0,0,,F,0.02850356294536817
H053/S05,PA,710,I,0.0,0,,F,0.0
H053/S05,PA,710,I,3.0,0,,F,0.0048543689320388345
H053/S05,PA-X,69,K,0.0,0,,N,0.026884554559831308
H053/S05,PA-X,69,K,2.0,0,,N,0.0
H053/S05,PA-X,69,K,3.0,0,,N,0.0
H053/S05,PA-X,76,L,3.0,0,,F,0.04129793510324484
H053/S05,PA-X,76,L,0.0,0,,F,0.0
H053/S05,PA-X,76,L,2.0,0,,F,0.0
H053/S05,PB1,77,I,2.0,0,,N,0.10891089108910892
H053/S05,PB1,77,I,0.0,0,,N,0.0
H053/S05,PB1,77,I,3.0,0,,N,0.0
H053/S05,PB1,92,T,3.0,0,,M,0.03821656050955414
H053/S05,PB1,92,T,0.0,0,,M,0.001445086705202312
H053/S05,PB1,92,T,2.0,0,,M,0.0
H053/S05,PB1,264,G,0.0,0,,E,0.02428256070640176
H053/S05,PB1,264,G,2.0,0,,E,0.0
H053/S05,PB1,264,G,3.0,0,,E,0.0
H053/S05,PB1,541,L,3.0,0,,P,0.054545454545454536
H053/S05,PB1,541,L,0.0,0,,P,0.0
H053/S05,PB1,541,L,2.0,0,,P,0.0
H053/S05,PB1,644,A,3.0,0,,V,0.03428571428571429
H053/S05,PB1,644,A,0.0,0,,V,0.0015479876160990713
H053/S05,PB1,644,A,2.0,0,,V,0.0
H053/S05,PB1,698,E,0.0,0,,K,0.03483309143686502
H053/S05,PB1,698,E,2.0,0,,K,0.0
H053/S05,PB1,698,E,3.0,0,,K,0.0
H053/S05,PB1,756,L,0.0,0,,Q,0.023661270236612703
H053/S05,PB1,756,L,2.0,0,,Q,0.0
H053/S05,PB1,756,L,3.0,0,,Q,0.0
H053/S05,PB2,195,G,3.0,0,,D,0.08222811671087532
H053/S05,PB2,195,G,0.0,0,,D,0.0
H053/S05,PB2,195,G,2.0,0,,D,0.0
H053/S05,PB2,269,G,3.0,0,,R,0.0345489443378119
H053/S05,PB2,269,G,0.0,0,,R,0.0
H053/S05,PB2,269,G,2.0,0,,R,0.0
H053/S05,PB2,378,A,0.0,0,,T,0.02244582043343653
H053/S05,PB2,378,A,2.0,0,,T,0.003401360544217687
H053/S05,PB2,378,A,3.0,0,,T,0.0
H053/S05,PB2,380,G,3.0,0,,R,0.08311688311688313
H053/S05,PB2,380,G,0.0,0,,R,0.0
H053/S05,PB2,380,G,2.0,0,,R,0.0
H053/S05,PB2,680,N,3.0,0,,D,0.03614457831325301
H053/S05,PB2,680,N,0.0,0,,D,0.0018645121193287756
H053/S05,PB2,680,N,2.0,0,,D,0.0
H053/S05,PB2,704,C,3.0,0,,Y,0.02052238805970149
H053/S05,PB2,704,C,0.0,0,,Y,0.0
H053/S05,PB2,704,C,2.0,0,,Y,0.0
H053/S05,PB2,719,R,2.0,0,,G,0.02522935779816514
H053/S05,PB2,719,R,0.0,0,,G,0.0008787346221441124
H053/S05,PB2,719,R,3.0,0,,G,0.0
H053/S05,PB2,723,D,0.0,0,,N,0.023715415019762844
H053/S05,PB2,723,D,2.0,0,,N,0.0
H053/S05,PB2,723,D,3.0,0,,N,0.0
H058/S05,HA,201,H,1.0,0,,Y,0.1693121693121693
H058/S05,HA,296,S,1.0,0,,N,0.1835443037974684
H058/S05,HA,455,F,1.0,0,,L,0.2753623188405797
H058/S05,M1,19,S,1.0,0,,P,0.1891891891891892
H058/S05,M1,115,M,1.0,0,,V,0.21135029354207435
H058/S05,M2,46,P,1.0,0,,L,0.05882352941176471
H058/S05,M2,48,S,1.0,0,,F,0.06666666666666668
H058/S05,NP,287,N,1.0,0,,S,0.04519774011299435
H058/S05,PB2,176,T,1.0,0,,I,0.037267080745341616
H089/S03,HA,4,L,3.0,1,,I,0.0676056338028169
H089/S03,HA,4,L,-1.0,1,,I,0.0
H089/S03,HA,4,L,4.0,1,,I,0.0
H089/S03,HA,7,A,-1.0,1,,V,0.0466786355475763
H089/S03,HA,7,A,3.0,1,,V,0.0
H089/S03,HA,7,A,4.0,1,,V,0.0
H089/S03,HA,197,K,3.0,0,Sb,N,0.05263157894736842
H089/S03,HA,197,K,-1.0,0,Sb,N,0.0
H089/S03,HA,197,K,4.0,0,Sb,N,0.0
H089/S03,M1,122,A,3.0,0,,G,0.0641025641025641
H089/S03,M1,122,A,-1.0,0,,G,0.0
H089/S03,M1,122,A,4.0,0,,G,0.0
H089/S03,NA,68,D,3.0,0,,N,0.031746031746031744
H089/S03,NA,68,D,-1.0,0,,N,0.0
H089/S03,NA,68,D,4.0,0,,N,0.0
H089/S03,NA,82,Y,4.0,0,,S,0.11029411764705882
H089/S03,NA,82,Y,-1.0,0,,S,0.0
H089/S03,NA,82,Y,3.0,0,,S,0.0
H089/S03,NA,271,V,3.0,0,,A,0.10638297872340426
H089/S03,NA,271,V,-1.0,0,,A,0.0
H089/S03,NA,271,V,4.0,0,,A,0.0
H089/S03,NA,291,A,4.0,0,,V,0.050420168067226885
H089/S03,NA,291,A,-1.0,0,,V,0.0
H089/S03,NA,291,A,3.0,0,,V,0.006666666666666667
H089/S03,NA,327,S,4.0,0,,R,0.06015037593984963
H089/S03,NA,327,S,-1.0,0,,R,0.0
H089/S03,NA,327,S,3.0,0,,R,0.0
H089/S03,NEP,16,G,4.0,0,,D,0.03571428571428571
H089/S03,NEP,16,G,-1.0,0,,D,0.0
H089/S03,NEP,16,G,3.0,0,,D,0.0
H089/S03,NEP,94,V,3.0,0,,A,0.022433132010353758
H089/S03,NEP,94,V,-1.0,0,,A,0.0
H089/S03,NEP,94,V,4.0,0,,A,0.0
H089/S03,NP,130,K,3.0,0,,T,0.1
H089/S03,NP,186,A,3.0,0,,V,0.025735294117647058
H089/S03,NP,186,A,-1.0,0,,V,0.0
H089/S03,NP,453,Q,3.0,0,,P,0.07210031347962383
H089/S03,NP,453,Q,-1.0,0,,P,0.0
H089/S03,NS1,25,D,4.0,0,,N,0.06545454545454546
H089/S03,NS1,25,D,-1.0,0,,N,0.0
H089/S03,NS1,25,D,3.0,0,,N,0.0
H089/S03,PA,25,R,3.0,0,,G,0.029520295202952032
H089/S03,PA,25,R,-1.0,0,,G,0.0
H089/S03,PA,25,R,4.0,0,,G,0.0
H089/S03,PA,441,L,4.0,0,,M,0.14285714285714285
H089/S03,PA,441,L,-1.0,0,,M,0.0
H089/S03,PA,441,L,3.0,0,,M,0.0
H089/S03,PA,452,Y,-1.0,0,,H,0.038461538461538464
H089/S03,PA,452,Y,3.0,0,,H,0.0
H089/S03,PA,452,Y,4.0,0,,H,0.0
H089/S03,PA-X,25,R,3.0,0,,G,0.029520295202952032
H089/S03,PA-X,25,R,-1.0,0,,G,0.0
H089/S03,PA-X,25,R,4.0,0,,G,0.0
H089/S03,PB1,470,S,-1.0,0,,C,0.07575757575757576
H089/S03,PB1,470,S,3.0,0,,C,0.0
H089/S03,PB1,478,G,3.0,0,,S,0.05194805194805195
H089/S03,PB1,478,G,-1.0,0,,S,0.0
H089/S03,PB1,552,T,-1.0,0,,I,0.2
H089/S03,PB1,552,T,3.0,0,,I,0.0
H089/S03,PB1,573,P,3.0,0,,S,0.04477611940298507
H089/S03,PB2,61,R,-1.0,0,,K,0.043478260869565216
H089/S03,PB2,61,R,3.0,0,,K,0.0035460992907801418
H089/S03,PB2,457,M,3.0,0,,V,0.03932584269662921
H089/S03,PB2,457,M,-1.0,0,,V,0.0
H089/S03,PB2,668,P,3.0,0,,L,0.05555555555555555
H089/S03,PB2,699,R,3.0,0,,K,0.05027932960893855
H089/S03,PB2,699,R,-1.0,0,,K,0.0
H089/S03,PB2,746,E,-1.0,0,,D,0.0449438202247191
H089/S03,PB2,746,E,3.0,0,,D,0.0
H089/S03,PB2,746,E,4.0,0,,D,0.0
H160/S03,HA,334,T,2.0,0,,A,0.031746031746031744
H160/S03,HA,334,T,3.0,0,,A,0.0
H160/S03,HA,376,K,2.0,0,,E,0.04591836734693878
H160/S03,HA,376,K,3.0,0,,E,0.0
H160/S03,HA,388,V,2.0,0,,M,0.1728395061728395
H160/S03,HA,388,V,3.0,0,,M,0.0
H160/S03,HA,455,F,2.0,0,,L,0.10280373831775699
H160/S03,M1,218,I,3.0,0,,T,0.04819277108433735
H160/S03,M1,218,I,2.0,0,,T,0.0
H160/S03,M1,232,N,2.0,0,,D,0.04057971014492753
H160/S03,M1,232,N,3.0,0,,D,0.0
H160/S03,M2,23,N,2.0,0,,S,0.039274924471299086
H160/S03,M2,23,N,3.0,0,,S,0.0
H160/S03,NA,100,D,2.0,0,,Y,0.04178272980501393
H160/S03,NA,100,D,3.0,0,,Y,0.0
H160/S03,NEP,42,F,2.0,0,,S,0.09237875288683604
H160/S03,NEP,42,F,3.0,0,,S,0.0
H160/S03,NEP,105,V,3.0,0,,M,0.020151133501259445
H160/S03,NEP,105,V,2.0,0,,M,0.0
H160/S03,NS1,105,I,2.0,0,,L,0.08529411764705883
H160/S03,NS1,105,I,3.0,0,,L,0.0
H160/S03,PA,86,I,3.0,0,,M,0.04166666666666666
H160/S03,PA,86,I,2.0,0,,M,0.0
H160/S03,PA,172,R,3.0,0,,K,0.05333333333333334
H160/S03,PA,172,R,2.0,0,,K,0.0
H160/S03,PA,317,R,2.0,0,,W,0.037037037037037035
H160/S03,PA-X,86,I,3.0,0,,M,0.04166666666666666
H160/S03,PA-X,86,I,2.0,0,,M,0.0
H160/S03,PA-X,172,R,3.0,0,,K,0.05333333333333334
H160/S03,PA-X,172,R,2.0,0,,K,0.0
H160/S03,PB1,614,G,2.0,0,,E,0.02631578947368421
H160/S03,PB1,630,S,2.0,0,,P,0.048888888888888885
H160/S03,PB2,371,I,2.0,0,,T,0.03194888178913738
H160/S03,PB2,371,I,3.0,0,,T,0.0
H160/S03,PB2,444,L,2.0,0,,V,0.09322033898305083
H160/S03,PB2,444,L,3.0,0,,V,0.0
H160/S03,PB2,543,G,2.0,0,,E,0.09663865546218488
H160/S03,PB2,543,G,3.0,0,,E,0.0
H160/S03,PB2,590,R,3.0,0,,S,0.042735042735042736
H160/S03,PB2,590,R,2.0,0,,S,0.0
H160/S03,PB2,698,S,3.0,0,,G,0.0396039603960396
H160/S03,PB2,698,S,2.0,0,,G,0.003676470588235294
H160/S05,HA,11,G,4.0,0,,D,0.08095238095238096
H160/S05,HA,11,G,0.0,0,,D,0.002150537634408602
H160/S05,HA,11,G,5.0,0,,D,0.0
H160/S05,HA,261,G,5.0,0,,E,0.5
H160/S05,HA,261,G,0.0,0,,E,0.0
H160/S05,HA,261,G,4.0,0,,E,0.0
H160/S05,HA,346,I,0.0,0,,M,0.024937655860349132
H160/S05,HA,346,I,4.0,0,,M,0.0
H160/S05,HA,346,I,5.0,0,,M,0.0
H160/S05,HA,446,D,5.0,0,,N,0.053691275167785234
H160/S05,HA,446,D,0.0,0,,N,0.0
H160/S05,HA,446,D,4.0,0,,N,0.0
H160/S05,HA,455,F,0.0,0,,L,0.21153846153846154
H160/S05,HA,455,F,4.0,0,,L,0.1600547195622435
H160/S05,HA,455,F,5.0,0,,L,0.1746031746031746
H160/S05,HA,462,V,5.0,0,,I,0.0391304347826087
H160/S05,HA,462,V,0.0,0,,I,0.0
H160/S05,HA,462,V,4.0,0,,I,0.0
H160/S05,M1,130,P,5.0,0,,L,0.029598308668076112
H160/S05,M1,130,P,0.0,0,,L,0.0
H160/S05,M1,130,P,4.0,0,,L,0.0
H160/S05,M1,139,N,0.0,0,,T,0.033482142857142856
H160/S05,M1,139,N,4.0,0,,T,0.0
H160/S05,M1,139,N,5.0,0,,T,0.0
H160/S05,M1,214,N,0.0,0,,H,0.025835866261398176
H160/S05,M1,214,N,4.0,0,,H,0.0
H160/S05,M1,214,N,5.0,0,,H,0.0
H160/S05,M1,228,D,5.0,0,,G,0.028662420382165606
H160/S05,M1,228,D,0.0,0,,G,0.0
H160/S05,M1,228,D,4.0,0,,G,0.0
H160/S05,M1,229,V,5.0,0,,L,0.03943217665615142
H160/S05,M1,229,V,0.0,0,,L,0.0
H160/S05,M1,229,V,4.0,0,,L,0.0
H160/S05,M2,28,T,4.0,0,,I,0.042075736325385686
H160/S05,M2,28,T,0.0,0,,I,0.0
H160/S05,M2,28,T,5.0,0,,I,0.0
H160/S05,M2,46,P,4.0,0,,L,0.0335195530726257
H160/S05,M2,46,P,0.0,0,,L,0.006024096385542169
H160/S05,M2,46,P,5.0,0,,L,0.0058823529411764705
H160/S05,M2,48,S,4.0,0,,F,0.09375494088036337
H160/S05,M2,48,S,0.0,0,,F,0.005649717514124294
H160/S05,M2,48,S,5.0,0,,F,0.0
H160/S05,NA,12,L,5.0,0,,S,0.05384615384615385
H160/S05,NA,12,L,0.0,0,,S,0.002150537634408602
H160/S05,NA,12,L,4.0,0,,S,0.0013380909901873326
H160/S05,NA,51,R,0.0,0,,Q,0.03937007874015748
H160/S05,NA,51,R,4.0,0,,Q,0.0
H160/S05,NA,51,R,5.0,0,,Q,0.0
H160/S05,NA,98,T,4.0,0,,A,0.04105803395183577
H160/S05,NA,98,T,0.0,0,,A,0.0
H160/S05,NA,98,T,5.0,0,,A,0.0
H160/S05,NA,117,V,5.0,0,,I,0.09166666666666666
H160/S05,NA,117,V,0.0,0,,I,0.0
H160/S05,NA,117,V,4.0,0,,I,0.0
H160/S05,NA,149,T,4.0,0,,I,0.03021442495126705
H160/S05,NA,149,T,0.0,0,,I,0.0
H160/S05,NA,149,T,5.0,0,,I,0.0
H160/S05,NA,258,V,4.0,0,,I,0.021474172954149738
H160/S05,NA,258,V,0.0,0,,I,0.0
H160/S05,NA,258,V,5.0,0,,I,0.0
H160/S05,NA,386,D,4.0,0,,N,0.11634650235592606
H160/S05,NA,386,D,0.0,0,,N,0.0
H160/S05,NA,386,D,5.0,0,,N,0.0
H160/S05,NA,389,M,4.0,0,,I,0.124274099883856
H160/S05,NA,389,M,0.0,0,,I,0.0
H160/S05,NA,389,M,5.0,0,,I,0.0
H160/S05,NP,67,A,4.0,0,,V,0.10055045871559633
H160/S05,NP,67,A,5.0,0,,V,0.32722513089005234
H160/S05,NP,67,A,0.0,0,,V,0.0
H160/S05,NP,134,I,0.0,0,,T,0.034
H160/S05,NP,134,I,4.0,0,,T,0.0
H160/S05,NP,134,I,5.0,0,,T,0.0
H160/S05,NP,165,T,0.0,0,,S,0.02292768959435626
H160/S05,NP,165,T,4.0,0,,S,0.0
H160/S05,NP,165,T,5.0,0,,S,0.0
H160/S05,NP,218,T,5.0,0,,A,0.03951890034364261
H160/S05,NP,218,T,0.0,0,,A,0.0
H160/S05,NP,218,T,4.0,0,,A,0.0002570694087403599
H160/S05,NP,322,S,5.0,0,,P,0.07103825136612021
H160/S05,NP,322,S,0.0,0,,P,0.0
H160/S05,NP,322,S,4.0,0,,P,0.0
H160/S05,NP,359,F,0.0,0,,S,0.024844720496894408
H160/S05,NP,359,F,4.0,0,,S,0.000564652738565782
H160/S05,NP,359,F,5.0,0,,S,0.0
H160/S05,NP,370,D,5.0,0,,N,0.02413793103448276
H160/S05,NP,370,D,0.0,0,,N,0.0017889087656529517
H160/S05,NP,370,D,4.0,0,,N,0.00030349013657056146
H160/S05,NP,410,S,5.0,0,,P,0.03533026113671275
H160/S05,NP,410,S,0.0,0,,P,0.0
H160/S05,NP,410,S,4.0,0,,P,0.00024783147459727387
H160/S05,NP,435,R,4.0,0,,G,0.032528339083292265
H160/S05,NP,435,R,0.0,0,,G,0.003401360544217687
H160/S05,NP,435,R,5.0,0,,G,0.0
H160/S05,NS1,15,F,4.0,0,,L,0.06414708886618999
H160/S05,NS1,15,F,0.0,0,,L,0.0
H160/S05,NS1,15,F,5.0,0,,L,0.0
H160/S05,PA,40,I,0.0,0,,T,0.02244897959183673
H160/S05,PA,40,I,4.0,0,,T,0.005423728813559322
H160/S05,PA,40,I,5.0,0,,T,0.0
H160/S05,PA,103,S,4.0,0,,P,0.08621815806662313
H160/S05,PA,103,S,0.0,0,,P,0.0
H160/S05,PA,103,S,5.0,0,,P,0.0
H160/S05,PA,169,E,4.0,0,,A,0.059952038369304565
H160/S05,PA,169,E,0.0,0,,A,0.0
H160/S05,PA,169,E,5.0,0,,A,0.0
H160/S05,PA,196,G,5.0,0,,R,0.07614213197969544
H160/S05,PA,196,G,0.0,0,,R,0.0
H160/S05,PA,196,G,4.0,0,,R,0.0
H160/S05,PA,206,G,0.0,0,,E,0.04721030042918455
H160/S05,PA,206,G,4.0,0,,E,0.0007892659826361484
H160/S05,PA,206,G,5.0,0,,E,0.0
H160/S05,PA,321,S,4.0,0,,N,0.026455026455026454
H160/S05,PA,321,S,0.0,0,,N,0.0
H160/S05,PA,321,S,5.0,0,,N,0.0
H160/S05,PA,346,R,5.0,0,,Q,0.05691056910569105
H160/S05,PA,346,R,0.0,0,,Q,0.0
H160/S05,PA,346,R,4.0,0,,Q,0.0
H160/S05,PA,464,C,5.0,0,,Y,0.05921052631578948
H160/S05,PA,464,C,0.0,0,,Y,0.0
H160/S05,PA,464,C,4.0,0,,Y,0.0
H160/S05,PA,591,R,5.0,0,,Q,0.09004739336492891
H160/S05,PA,591,R,0.0,0,,Q,0.0
H160/S05,PA,591,R,4.0,0,,Q,0.0
H160/S05,PA-X,40,I,0.0,0,,T,0.02244897959183673
H160/S05,PA-X,40,I,4.0,0,,T,0.005423728813559322
H160/S05,PA-X,40,I,5.0,0,,T,0.0
H160/S05,PA-X,103,S,4.0,0,,P,0.08621815806662313
H160/S05,PA-X,103,S,0.0,0,,P,0.0
H160/S05,PA-X,103,S,5.0,0,,P,0.0
H160/S05,PA-X,169,E,4.0,0,,A,0.059952038369304565
H160/S05,PA-X,169,E,0.0,0,,A,0.0
H160/S05,PA-X,169,E,5.0,0,,A,0.0
H160/S05,PA-X,206,G,0.0,0,,R,0.04721030042918455
H160/S05,PA-X,206,G,4.0,0,,R,0.0007892659826361484
H160/S05,PA-X,206,G,5.0,0,,R,0.0
H160/S05,PB1,143,S,4.0,0,,L,0.02392947103274559
H160/S05,PB1,143,S,0.0,0,,L,0.0
H160/S05,PB1,143,S,5.0,0,,L,0.0
H160/S05,PB1,303,A,5.0,0,,T,0.05921052631578948
H160/S05,PB1,303,A,0.0,0,,T,0.0
H160/S05,PB1,303,A,4.0,0,,T,0.0
H160/S05,PB1,356,I,4.0,0,,M,0.028953229398663693
H160/S05,PB1,356,I,0.0,0,,M,0.0
H160/S05,PB1,356,I,5.0,0,,M,0.0
H160/S05,PB1,420,E,0.0,0,,G,0.04316546762589928
H160/S05,PB1,420,E,4.0,0,,G,0.0
H160/S05,PB1,420,E,5.0,0,,G,0.00558659217877095
H160/S05,PB1,544,T,4.0,0,,A,0.02873563218390805
H160/S05,PB1,544,T,0.0,0,,A,0.0
H160/S05,PB1,544,T,5.0,0,,A,0.0
H160/S05,PB1,641,D,5.0,0,,N,0.06091370558375635
H160/S05,PB1,641,D,0.0,0,,N,0.0
H160/S05,PB1,641,D,4.0,0,,N,0.0
H160/S05,PB2,8,G,4.0,0,,R,0.04533333333333334
H160/S05,PB2,8,G,0.0,0,,R,0.0
H160/S05,PB2,8,G,5.0,0,,R,0.0
H160/S05,PB2,139,A,5.0,0,,V,0.0826878906041344
H160/S05,PB2,139,A,0.0,0,,V,0.0
H160/S05,PB2,139,A,4.0,0,,V,0.0
H160/S05,PB2,159,T,0.0,0,,A,0.02527075812274368
H160/S05,PB2,159,T,4.0,0,,A,0.0
H160/S05,PB2,159,T,5.0,0,,A,0.0
H160/S05,PB2,360,H,5.0,0,,Y,0.16831683168316833
H160/S05,PB2,360,H,0.0,0,,Y,0.0
H160/S05,PB2,360,H,4.0,0,,Y,0.0
H160/S05,PB2,434,F,5.0,0,,L,0.052083333333333336
H160/S05,PB2,434,F,0.0,0,,L,0.0
H160/S05,PB2,434,F,4.0,0,,L,0.0
H160/S05,PB2,675,S,5.0,0,,L,0.03860294117647059
H160/S05,PB2,675,S,0.0,0,,L,0.0
H160/S05,PB2,675,S,4.0,0,,L,0.0
H160/S05,PB2,680,G,4.0,0,,D,0.02944383860414395
H160/S05,PB2,680,G,0.0,0,,D,0.0
H160/S05,PB2,680,G,5.0,0,,D,0.0
H160/S05,PB2,701,N,4.0,0,,D,0.0211864406779661
H160/S05,PB2,701,N,0.0,0,,D,0.0
H160/S05,PB2,701,N,5.0,0,,D,0.0
H186/S04,HA,455,F,0.0,0,,L,0.14719411223551054
H186/S04,M1,253,W,2.0,0,,*,0.021645021645021644
H186/S04,M1,253,W,0.0,0,,*,0.0
H186/S04,M2,24,G,2.0,0,,D,0.021645021645021644
H186/S04,M2,24,G,0.0,0,,D,0.0
H186/S04,M2,46,P,0.0,0,,L,0.04150943396226415
H186/S04,M2,48,S,0.0,0,,F,0.09566385291970544
H186/S04,NA,296,R,2.0,0,,W,0.03658536585365853
H186/S04,NA,296,R,0.0,0,,W,0.0
H186/S04,NEP,28,F,0.0,0,,S,0.03930712858094604
H186/S04,NEP,28,F,2.0,0,,S,0.0
H186/S04,NEP,34,S,0.0,0,,N,0.05168067226890756
H186/S04,NEP,34,S,2.0,0,,N,0.0
H186/S04,NP,17,E,0.0,0,,G,0.029494949494949494
H186/S04,NP,17,E,2.0,0,,G,0.0
H186/S04,NP,330,R,0.0,0,,W,0.02015316404675534
H186/S04,NP,330,R,2.0,0,,W,0.0
H186/S04,PA,368,*,2.0,0,,W,0.04651162790697674
H186/S04,PA,368,*,0.0,0,,W,0.0
H186/S04,PA-X,222,I,0.0,0,,T,0.0634638196915777
H186/S04,PA-X,222,I,2.0,0,,T,0.2716049382716049
H186/S04,PB1,49,F,0.0,0,,Y,0.02233009708737864
H186/S04,PB1,49,F,2.0,0,,Y,0.0
H186/S04,PB1,51,D,0.0,0,,E,0.021505376344086027
H186/S04,PB1,51,D,2.0,0,,E,0.0
H186/S04,PB1,53,P,0.0,0,,G,0.021755295178008116
H186/S04,PB1,53,P,2.0,0,,G,0.0
H186/S04,PB1,61,A,0.0,0,,T,0.021780303030303032
H186/S04,PB1,61,A,2.0,0,,T,0.0
H186/S04,PB1,108,I,0.0,0,,L,0.030555555555555555
H186/S04,PB1,597,D,0.0,0,,N,0.022675736961451247
H186/S04,PB1,701,S,0.0,0,,P,0.032774945375091034
H186/S04,PB1,701,S,2.0,0,,P,0.0
H186/S04,PB2,356,A,0.0,0,,V,0.3990697674418605
H186/S04,PB2,356,A,2.0,0,,V,1.0
H186/S04,PB2,588,N,0.0,0,,T,0.02091254752851711
H186/S04,PB2,588,N,2.0,0,,T,0.0
H186/S04,PB2,732,A,2.0,0,,V,0.09888888888888887
H186/S04,PB2,732,A,0.0,0,,V,0.0
H296/S03,HA,455,F,3.0,0,,L,0.2446043165467626
H296/S03,NEP,117,G,0.0,0,,E,0.042857142857142864
H296/S03,NEP,117,G,3.0,0,,E,0.0
H296/S03,NP,8,G,3.0,0,,R,0.033707865168539325
H306/S02,HA,17,E,3.0,1,,A,0.04035874439461883
H306/S02,HA,58,Q,3.0,0,,P,0.03735632183908046
H306/S02,HA,391,K,3.0,0,,Q,0.030395136778115506
H306/S02,M1,9,K,3.0,0,,T,0.02244389027431421
H306/S02,M1,240,*,3.0,0,,Y,0.030805687203791468
H306/S02,M2,9,K,3.0,0,,T,0.02244389027431421
H306/S02,M2,11,N,3.0,0,,T,0.030805687203791468
H306/S02,M2,48,S,3.0,0,,F,0.125
H306/S02,NA,42,Y,3.0,0,,N,0.08904109589041095
H306/S02,NA,107,K,3.0,0,,R,0.03448275862068965
H306/S02,NA,201,E,3.0,0,,G,0.05339805825242718
H306/S02,NP,122,R,3.0,0,,Q,0.030855539971949505
H306/S02,NP,142,K,3.0,0,,N,0.03176341730558598
H306/S02,NP,333,*,3.0,0,,C,0.08949416342412451
H306/S02,NP,346,I,3.0,0,,F,0.04019292604501608
H306/S02,NS1,30,D,3.0,0,,A,0.0288659793814433
H306/S02,NS1,38,Q,3.0,0,,R,0.022372881355932205
H306/S02,NS1,141,S,3.0,0,,L,0.022935779816513763
H306/S02,NS1,155,P,3.0,0,,A,0.027932960893854747
H306/S02,PA,291,N,3.0,0,,S,0.02771855010660981
H306/S02,PA,361,T,3.0,0,,K,0.035211267605633804
H306/S02,PA,537,*,3.0,0,,W,0.0827250608272506
H306/S02,PA,548,V,3.0,0,,M,0.025
H306/S02,PB1,129,*,3.0,0,,Y,0.03365384615384615
H306/S02,PB1,275,A,3.0,0,,G,0.037815126050420166
H306/S02,PB1,381,Y,3.0,0,,F,0.032352941176470584
H306/S02,PB1,454,L,3.0,0,,P,0.033846153846153845
H306/S02,PB1,604,I,3.0,0,,L,0.042105263157894736
H306/S02,PB1,724,V,3.0,0,,I,0.02430555555555556
H306/S02,PB2,156,D,3.0,0,,A,0.04262295081967213
H306/S03,NA,394,A,0.0,0,,V,0.03658536585365853
HCMC-1424,HA,22,L,5.0,0,,S,0.024054982817869417
HCMC-1424,HA,455,F,5.0,0,,L,0.03389830508474576
HCMC-1424,M1,159,P,5.0,0,,H,0.05691056910569105
HCMC-1424,NA,40,F,5.0,0,,L,0.2972136222910217
HCMC-1424,PA,80,G,5.0,0,,E,0.041871921182266014
HCMC-1424,PA-X,80,G,5.0,0,,E,0.041871921182266014
HCMC-1424,PB1,57,A,5.0,0,,T,0.053703703703703705
HCMC-1424,PB1,107,Y,5.0,0,,C,0.033707865168539325
HCMC-1711,HA,185,Q,7.0,0,,P,0.04743833017077799
HCMC-1711,NA,166,I,7.0,0,,V,0.03625377643504532
HCMC-1711,NA,283,S,7.0,0,,P,0.02432432432432433
HCMC-1711,NP,151,A,8.0,0,,T,0.1791044776119403
HCMC-1711,NP,151,A,7.0,0,,T,0.0
HCMC-1711,PA,321,S,7.0,0,,N,0.031111111111111114
HCMC-1711,PA,558,*,7.0,0,,S,0.02797202797202797
HCMC-1711,PB1,42,K,7.0,0,,T,0.031914893617021274
HCMC-1711,PB1,282,P,7.0,0,,L,0.03048780487804878
HCMC-1711,PB1,326,S,7.0,0,,T,0.03314917127071823
HCMC-1711,PB1,637,V,7.0,0,,I,0.09352517985611512
HCMC-1711,PB1,641,T,7.0,0,,N,0.06521739130434782
HCMC-1711,PB1,728,I,7.0,0,,V,0.2385786802030457
HCMC-1711,PB2,577,L,7.0,0,,F,0.033846153846153845
HCMC-1716,HA,455,F,6.0,0,,L,0.04444444444444445
HCMC-1716,HA,455,F,7.0,0,,L,0.046875
HCMC-1716,HA,485,A,7.0,0,,T,0.045871559633027525
HCMC-1716,HA,485,A,6.0,0,,T,0.0
HCMC-1716,M1,135,I,6.0,0,,M,0.042424242424242434
HCMC-1716,M1,135,I,7.0,0,,M,0.0
HCMC-1716,M1,135,V,7.0,0,,M,0.05063291139240506
HCMC-1716,M1,135,V,6.0,0,,M,0.0
HCMC-1716,M1,232,G,7.0,0,,D,0.024390243902439025
HCMC-1716,M1,232,G,6.0,0,,D,0.007532956685499058
HCMC-1716,M2,48,S,6.0,0,,F,0.08411214953271028
HCMC-1716,M2,48,S,7.0,0,,F,0.023809523809523808
HCMC-1716,M2,70,K,7.0,0,,E,0.06489675516224189
HCMC-1716,M2,70,K,6.0,0,,E,0.0
HCMC-1716,M2,98,V,6.0,0,,*,0.02808653398440765
HCMC-1716,M2,98,V,7.0,0,,*,0.003389830508474576
HCMC-1716,NA,454,S,7.0,0,,G,0.27607361963190186
HCMC-1716,NA,454,S,6.0,0,,G,0.0
HCMC-1716,NEP,17,T,7.0,0,,I,0.047058823529411764
HCMC-1716,NEP,17,T,6.0,0,,I,0.0
HCMC-1716,NEP,54,E,7.0,0,,V,0.040540540540540536
HCMC-1716,NEP,54,E,6.0,0,,V,0.0
HCMC-1716,NS1,98,T,6.0,0,,M,0.02358490566037736
HCMC-1716,NS1,98,T,7.0,0,,M,0.0
HCMC-1716,NS1,206,*,7.0,0,,C,0.040540540540540536
HCMC-1716,NS1,206,*,6.0,0,,C,0.0
HCMC-1716,PA,55,N,6.0,0,,D,0.05526036131774708
HCMC-1716,PA,55,N,7.0,0,,D,0.0
HCMC-1716,PA,88,*,6.0,0,,W,0.03462749213011543
HCMC-1716,PA,88,*,7.0,0,,W,0.0
HCMC-1716,PA,114,G,7.0,0,,E,0.22608695652173916
HCMC-1716,PA,114,G,6.0,0,,E,0.0
HCMC-1716,PA,675,D,7.0,0,,N,0.052910052910052914
HCMC-1716,PA,675,D,6.0,0,,N,0.0
HCMC-1716,PA-X,55,N,6.0,0,,D,0.05526036131774708
HCMC-1716,PA-X,55,N,7.0,0,,D,0.0
HCMC-1716,PA-X,88,*,6.0,0,,W,0.03462749213011543
HCMC-1716,PA-X,88,*,7.0,0,,W,0.0
HCMC-1716,PA-X,114,G,7.0,0,,E,0.22608695652173916
HCMC-1716,PA-X,114,G,6.0,0,,E,0.0
HCMC-1716,PB1,32,P,7.0,0,,H,0.03614457831325301
HCMC-1716,PB1,32,P,6.0,0,,H,0.0
HCMC-1716,PB1,64,S,7.0,0,,P,0.20496894409937888
HCMC-1716,PB1,64,S,6.0,0,,P,0.004830917874396135
HCMC-1716,PB1,210,H,6.0,0,,Q,0.06349206349206349
HCMC-1716,PB1,232,G,6.0,0,,E,0.07027027027027027
HCMC-1716,PB1,449,P,6.0,0,,L,0.05319148936170213
HCMC-1716,PB1,745,E,6.0,0,,K,0.1449814126394052
HCMC-1716,PB1,745,E,7.0,0,,K,0.0
HCMC-1716,PB2,4,K,6.0,0,,I,0.020183486238532108
HCMC-1716,PB2,4,K,7.0,0,,I,0.0
HCMC-1716,PB2,17,C,7.0,0,,R,0.02676864244741874
HCMC-1716,PB2,17,C,6.0,0,,R,0.0
HCMC-1716,PB2,79,N,7.0,0,,S,0.10804597701149424
HCMC-1716,PB2,79,N,6.0,0,,S,0.0
HCMC-1716,PB2,393,*,6.0,0,,S,0.02325581395348837
HCMC-1716,PB2,393,*,7.0,0,,S,0.0
HCMC-1716,PB2,446,V,6.0,0,,F,0.0440251572327044
HCMC-1716,PB2,664,P,6.0,0,,R,0.02325895875591616
HCMC-1716,PB2,664,P,7.0,0,,R,0.0
HCMC-1716,PB2,674,T,6.0,0,,A,0.037821482602118005
HCMC-1716,PB2,674,T,7.0,0,,A,0.0
HCMC-1716,PB2,725,I,7.0,0,,L,0.09742895805142084
HCMC-1716,PB2,725,I,6.0,0,,L,0.0
HCMC-1716,PB2,728,R,7.0,0,,Q,0.04223433242506812
HCMC-1716,PB2,728,R,6.0,0,,Q,0.0
HCMC-1880,HA,62,S,9.0,0,,G,0.03353658536585366
HCMC-1880,M2,46,P,9.0,0,,L,0.05154639175257732
HCMC-1880,PA,596,V,9.0,0,,I,0.22259136212624586
HCMC-1880,PB2,16,I,9.0,0,,T,0.031413612565445025
HCMC-1889,HA,9,I,6.0,1,,L,0.05120910384068279
HCMC-1889,HA,9,I,3.0,1,,L,0.0
HCMC-1889,HA,9,I,4.0,1,,L,0.0
HCMC-1889,HA,143,E,6.0,0,Ca,G,0.035294117647058816
HCMC-1889,HA,143,E,3.0,0,Ca,G,0.0
HCMC-1889,HA,143,E,4.0,0,Ca,G,0.0
HCMC-1889,HA,185,Q,4.0,0,,P,0.025462962962962958
HCMC-1889,HA,185,Q,3.0,0,,P,0.009302325581395349
HCMC-1889,HA,185,Q,6.0,0,,P,0.0
HCMC-1889,HA,211,R,4.0,0,,K,0.024439918533604887
HCMC-1889,HA,211,R,3.0,0,,K,0.0
HCMC-1889,HA,211,R,6.0,0,,K,0.0
HCMC-1889,HA,253,I,6.0,0,,V,0.038387715930902115
HCMC-1889,HA,253,I,3.0,0,,V,0.0
HCMC-1889,HA,253,I,4.0,0,,V,0.0
HCMC-1889,HA,272,K,3.0,0,,T,0.02395209580838324
HCMC-1889,HA,272,K,4.0,0,,T,0.0
HCMC-1889,HA,272,K,6.0,0,,T,0.0
HCMC-1889,HA,455,F,4.0,0,,L,0.03896103896103896
HCMC-1889,HA,455,F,3.0,0,,L,0.017985611510791366
HCMC-1889,HA,455,F,6.0,0,,L,0.011655011655011656
HCMC-1889,M1,142,D,6.0,0,,A,0.04176334106728538
HCMC-1889,M1,142,D,3.0,0,,A,0.0
HCMC-1889,M1,142,D,4.0,0,,A,0.0
HCMC-1889,M1,176,G,6.0,0,,E,0.04451038575667656
HCMC-1889,M1,176,G,3.0,0,,E,0.0
HCMC-1889,M1,176,G,4.0,0,,E,0.0
HCMC-1889,M1,192,L,6.0,0,,M,0.027818448023426062
HCMC-1889,M1,192,L,3.0,0,,M,0.0
HCMC-1889,M1,192,L,4.0,0,,M,0.0
HCMC-1889,M2,48,S,3.0,0,,F,0.11224489795918367
HCMC-1889,M2,48,S,4.0,0,,F,0.12280523904140139
HCMC-1889,M2,48,S,6.0,0,,F,0.10752688172043012
HCMC-1889,M2,90,Q,3.0,0,,H,0.0423572744014733
HCMC-1889,M2,90,Q,4.0,0,,H,0.0008389261744966443
HCMC-1889,M2,90,Q,6.0,0,,H,0.0
HCMC-1889,NA,67,I,6.0,0,,V,0.11293634496919915
HCMC-1889,NA,67,I,3.0,0,,V,0.0
HCMC-1889,NA,67,I,4.0,0,,V,0.0
HCMC-1889,NA,315,E,6.0,0,,G,0.043037974683544304
HCMC-1889,NA,315,E,3.0,0,,G,0.0
HCMC-1889,NA,315,E,4.0,0,,G,0.0
HCMC-1889,NA,350,A,6.0,0,,S,0.05565529622980251
HCMC-1889,NA,350,A,3.0,0,,S,0.0
HCMC-1889,NA,350,A,4.0,0,,S,0.0
HCMC-1889,NA,452,A,3.0,0,,T,0.020637898686679174
HCMC-1889,NA,452,A,4.0,0,,T,0.0
HCMC-1889,NA,452,A,6.0,0,,T,0.0
HCMC-1889,NP,192,D,6.0,0,,E,0.02742230347349177
HCMC-1889,NP,192,D,3.0,0,,E,0.0
HCMC-1889,NP,192,D,4.0,0,,E,0.0
HCMC-1889,NP,458,L,6.0,0,,F,0.03088803088803089
HCMC-1889,NP,458,L,3.0,0,,F,0.0012484394506866417
HCMC-1889,NP,458,L,4.0,0,,F,0.0
HCMC-1889,NS1,157,I,6.0,0,,V,0.020972354623450904
HCMC-1889,NS1,157,I,3.0,0,,V,0.0
HCMC-1889,NS1,157,I,4.0,0,,V,0.0
HCMC-1889,PA,31,K,4.0,0,,E,0.04329608938547486
HCMC-1889,PA,31,K,3.0,0,,E,0.004873294346978557
HCMC-1889,PA,31,K,6.0,0,,E,0.0
HCMC-1889,PA,36,T,6.0,0,,A,0.04122497055359246
HCMC-1889,PA,36,T,3.0,0,,A,0.0
HCMC-1889,PA,36,T,4.0,0,,A,0.0
HCMC-1889,PA,178,T,6.0,0,,I,0.029325513196480937
HCMC-1889,PA,178,T,3.0,0,,I,0.0
HCMC-1889,PA,178,T,4.0,0,,I,0.0
HCMC-1889,PA,252,V,4.0,0,,E,0.03496503496503497
HCMC-1889,PA,252,V,3.0,0,,E,0.0
HCMC-1889,PA,252,V,6.0,0,,E,0.0
HCMC-1889,PA,416,K,6.0,0,,E,0.09302325581395347
HCMC-1889,PA,416,K,3.0,0,,E,0.0
HCMC-1889,PA,416,K,4.0,0,,E,0.0
HCMC-1889,PA-X,31,K,4.0,0,,E,0.04329608938547486
HCMC-1889,PA-X,31,K,3.0,0,,E,0.004873294346978557
HCMC-1889,PA-X,31,K,6.0,0,,E,0.0
HCMC-1889,PA-X,36,T,6.0,0,,A,0.04122497055359246
HCMC-1889,PA-X,36,T,3.0,0,,A,0.0
HCMC-1889,PA-X,36,T,4.0,0,,A,0.0
HCMC-1889,PA-X,178,T,6.0,0,,I,0.029325513196480937
HCMC-1889,PA-X,178,T,3.0,0,,I,0.0
HCMC-1889,PA-X,178,T,4.0,0,,I,0.0
HCMC-1889,PB1,233,K,6.0,0,,R,0.042735042735042736
HCMC-1889,PB1,233,K,3.0,0,,R,0.0
HCMC-1889,PB1,233,K,4.0,0,,R,0.0
HCMC-1889,PB1,262,T,6.0,0,,I,0.1111111111111111
HCMC-1889,PB1,262,T,3.0,0,,I,0.0
HCMC-1889,PB1,262,T,4.0,0,,I,0.0
HCMC-1889,PB1,325,T,6.0,0,,I,0.06097560975609756
HCMC-1889,PB1,325,T,3.0,0,,I,0.0
HCMC-1889,PB1,325,T,4.0,0,,I,0.0
HCMC-1889,PB1,423,T,3.0,0,,I,0.04615384615384616
HCMC-1889,PB1,423,T,4.0,0,,I,0.04385964912280702
HCMC-1889,PB1,423,T,6.0,0,,I,0.0
HCMC-1889,PB1,433,E,6.0,0,,K,0.16260162601626016
HCMC-1889,PB1,433,E,3.0,0,,K,0.0
HCMC-1889,PB1,433,E,4.0,0,,K,0.0
HCMC-1889,PB1,609,A,3.0,0,,V,0.07692307692307693
HCMC-1889,PB1,609,A,4.0,0,,V,0.0
HCMC-1889,PB1,609,A,6.0,0,,V,0.0
HCMC-1889,PB1,701,L,6.0,0,,P,0.025925925925925925
HCMC-1889,PB1,701,L,3.0,0,,P,0.0
HCMC-1889,PB1,701,L,4.0,0,,P,0.0
HCMC-1889,PB2,77,F,6.0,0,,L,0.0326530612244898
HCMC-1889,PB2,77,F,3.0,0,,L,0.0
HCMC-1889,PB2,77,F,4.0,0,,L,0.0
HCMC-1889,PB2,632,K,3.0,0,,Q,0.04142011834319527
HCMC-1889,PB2,632,K,4.0,0,,Q,0.0
HCMC-1889,PB2,632,K,6.0,0,,Q,0.0
HCMC-1889,PB2,635,P,4.0,0,,S,0.045977011494252866
HCMC-1889,PB2,635,P,3.0,0,,S,0.0
HCMC-1889,PB2,635,P,6.0,0,,S,0.0
HCMC-1889,PB2,694,L,6.0,0,,F,0.07352941176470587
HCMC-1889,PB2,694,L,3.0,0,,F,0.0
HCMC-1889,PB2,694,L,4.0,0,,F,0.0
HCMC-1890,HA,7,I,8.0,1,,V,0.0380952380952381
HCMC-1890,HA,7,I,4.0,1,,V,0.0
HCMC-1890,HA,15,V,8.0,1,,A,0.036036036036036036
HCMC-1890,HA,15,V,4.0,1,,A,0.00186219739292365
HCMC-1890,HA,454,*,8.0,0,,Q,0.0707070707070707
HCMC-1890,HA,454,*,4.0,0,,Q,0.0
HCMC-1890,HA,455,F,4.0,0,,L,0.026392961876832845
HCMC-1890,HA,455,F,8.0,0,,L,0.0
HCMC-1890,HA,546,Y,8.0,0,,C,0.06930693069306931
HCMC-1890,HA,546,Y,4.0,0,,C,0.0
HCMC-1890,NA,9,I,4.0,0,,T,0.024154589371980683
HCMC-1890,NA,9,I,8.0,0,,T,0.0
HCMC-1890,NA,232,V,8.0,0,,A,0.040816326530612235
HCMC-1890,NA,232,V,4.0,0,,A,0.0
HCMC-1890,NA,237,Y,8.0,0,,S,0.39814814814814814
HCMC-1890,NA,237,Y,4.0,0,,S,0.0
HCMC-1890,NA,275,H,8.0,0,,Y,0.06435643564356436
HCMC-1890,NA,275,H,4.0,0,,Y,1.0
HCMC-1890,NA,338,V,8.0,0,,I,0.09109311740890688
HCMC-1890,NA,338,V,4.0,0,,I,1.0
HCMC-1890,PB1,558,A,4.0,0,,T,0.03139013452914798
HCMC-1890,PB2,444,A,4.0,0,,V,0.0353356890459364
